RunNumber,StartTime,StopTime,RunTime,RunTitle,EventNumber,Recorder,Bytes,Beam/Spill,K-Beam/Spill,Pi-Beam/Spill,Beam,K-Beam,Pi-Beam,SpillNumber,DAQ-Eff,BeamxDAQEff,DAQ-Duty,BeamMom,MR-Power,SX-Duty,K1.8D1,K1.8D4,K1.8D4s,S2SQ1,S2SQ2,S2SD1,BLineSM1,ESS1_POS,ESS1_NEG,ESS2_POS,ESS2_NEG,K18D4_Field,S2SD1_Field,TOFSelector,TrigA,TrigA-PS,TrigA-Gate,TrigB,TrigB-PS,TrigB-Gate,TrigC,TrigC-PS,TrigC-Gate,TrigD,TrigD-PS,TrigD-Gate,TrigE,TrigE-PS,TrigE-Gate,TrigF,TrigF-PS,TrigF-Gate
70001,2023/06/16 23:51:33,2023/06/16 23:51:50,0:00:17,daq test,26784,ON,544855304,,,,,,,,,,,,,,,,,,,,,,,,,,
70002,2023/06/16 23:52:28,2023/06/16 23:52:59,0:00:31,daq test,15402,ON,313309568,,,,,,,,,,,,,,,,,,,,,,,,,,
70003,2023/06/17 00:11:43,2023/06/17 00:12:48,0:01:05,pedestal run,72040,ON,1465667484,,,,,,,,,,,,,,,,,,,,,,,,,,
70004,2023/06/17 00:12:58,2023/06/17 00:13:48,0:00:50,pedestal run,88461,ON,1799695492,,,,,,,,,,,,,,,,,,,,,,,,,,
70005,2023/06/17 00:14:13,2023/06/17 00:15:00,0:00:47,pedestal run,17186,ON,349605772,,,,,,,,,,,,,,,,,,,,,,,,,,
70006,2023/06/17 00:15:12,2023/06/17 00:16:10,0:00:58,daq check,3516,ON,71523464,,,,,,,,,,,,,,,,,,,,,,,,,,
70007,2023/06/17 00:16:23,2023/06/17 00:17:47,0:01:24,daq check,36357,ON,739621184,,,,,,,,,,,,,,,,,,,,,,,,,,
70008,2023/06/17 00:18:10,2023/06/17 00:18:37,0:00:27,pedestal run,0,ON,0,,,,,,,,,,,,,,,,,,,,,,,,,,
70009,2023/06/17 00:18:49,2023/06/17 00:20:05,0:01:16,pedestal run,213936,ON,4351883340,,,,,,,,,,,,,,,,,,,,,,,,,,
70010,2023/06/17 00:20:22,2023/06/17 00:23:00,0:02:38,daq check,122066,ON,2483129448,,,,,,,,,,,,,,,,,,,,,,,,,,
70011,2023/06/17 00:23:26,2023/06/17 00:26:35,0:03:09,daq check,147516,ON,3000834108,,,,,,,,,,,,,,,,,,,,,,,,,,
70012,2023/06/17 00:34:15,2023/06/17 00:36:15,0:02:00,daq check,13684,ON,278358084,,,,,,,,,,,,,,,,,,,,,,,,,,
70013,2023/06/17 00:36:26,2023/06/17 00:36:59,0:00:33,daq check,196,ON,3986232,,,,,,,,,,,,,,,,,,,,,,,,,,
70014,2023/06/17 00:38:37,2023/06/17 00:39:40,0:01:03,daq check,903,ON,18366880,,,,,,,,,,,,,,,,,,,,,,,,,,
70015,2023/06/17 00:40:08,2023/06/17 00:41:59,0:01:51,daq check,4152,ON,84461332,,,,,,,,,,,,,,,,,,,,,,,,,,
70016,2023/06/17 00:42:11,2023/06/17 00:43:42,0:01:31,daq check,632,ON,12854984,,,,,,,,,,,,,,,,,,,,,,,,,,
70017,2023/06/17 00:43:49,2023/06/17 00:45:07,0:01:18,daq check,589,ON,11981932,,,,,,,,,,,,,,,,,,,,,,,,,,
70018,2023/06/17 00:45:22,2023/06/17 00:48:34,0:03:12,daq check,452,ON,9195840,,,,,,,,,,,,,,,,,,,,,,,,,,
70019,2023/06/17 00:50:13,2023/06/17 00:55:39,0:05:26,daq check,4106,ON,83530580,,,,,,,,,,,,,,,,,,,,,,,,,,
70020,2023/06/17 00:55:49,2023/06/17 01:11:54,0:16:05,BH2 trig,4694,ON,111186776,,,,,,,,,,,,,,,,,,,,,,,,,,
70021,2023/06/17 01:12:45,2023/06/17 01:16:25,0:03:40,daq check,496374,ON,10097752772,,,,,,,,,,,,,,,,,,,,,,,,,,
70022,2023/06/17 01:16:45,2023/06/17 01:24:04,0:07:19,pedestal run,333573,ON,6785859776,,,,,,,,,,,,,,,,,,,,,,,,,,
70023,2023/06/17 01:25:07,2023/06/17 01:25:37,0:00:30,pedestal run,6040,ON,122867176,,,,,,,,,,,,,,,,,,,,,,,,,,
70024,2023/06/17 01:40:05,2023/06/17 01:49:07,0:09:02,-> clock,214212,ON,4362705240,,,,,,,,,,,,,,,,,,,,,,,,,,
70025,2023/06/17 01:49:14,2023/06/17 01:52:16,0:03:02,pedestal run,127239,ON,2591380348,,,,,,,,,,,,,,,,,,,,,,,,,,
70026,2023/06/17 02:01:45,2023/06/17 04:13:49,2:12:04,daq check,1854536,ON,38001017764,,,,,,,,,,,,,,,,,,,,,,,,,,
70027,2023/06/17 04:13:58,2023/06/17 04:14:17,0:00:19,daq check,0,ON,0,,,,,,,,,,,,,,,,,,,,,,,,,,
70028,2023/06/17 04:18:19,2023/06/17 04:18:43,0:00:24,daq check,,OFF,,,,,,,,,,,,,,,,,,,,,,,,,,,
70029,2023/06/17 04:55:42,2023/06/17 04:59:27,0:03:45,trigger timing adjustment,0,ON,0,,,,,,,,,,,,,,,,,,,,,,,,,,
70030,2023/06/17 06:50:50,2023/06/17 06:51:51,0:01:01,hbx test,10,ON,203168,,,,,,,,,,,,,,,,,,,,,,,,,,
70031,2023/06/17 06:52:15,2023/06/17 06:52:23,0:00:08,hbx test,0,ON,0,,,,,,,,,,,,,,,,,,,,,,,,,,
70032,2023/06/17 06:53:29,2023/06/17 06:53:54,0:00:25,hbx test,0,ON,0,,,,,,,,,,,,,,,,,,,,,,,,,,
70033,2023/06/17 06:55:48,2023/06/17 07:35:14,0:39:26,hbx test,3865,ON,78625588,,,,,,,,,,,,,,,,,,,,,,,,,,
70034,2023/06/17 07:35:26,2023/06/17 08:29:53,0:54:27,hbx test,6194,ON,125971488,,,,,,,,,,,,,,,,,,,,,,,,,,
70035,2023/06/17 08:30:46,2023/06/17 08:32:44,0:01:58,hbx test,120,ON,2440164,,,,,,,,,,,,,,,,,,,,,,,,,,
70036,2023/06/17 08:38:55,2023/06/17 09:24:29,0:45:34,hbx test,5275,ON,107255436,,,,,,,,,,,,,,,,,,,,,,,,,,
70037,2023/06/17 09:24:49,2023/06/17 09:33:11,0:08:22,pedestal run,374335,ON,7615045968,,,,,,,,,,,,,,,,,,,,,,,,,,
70038,2023/06/17 09:44:39,2023/06/17 09:48:07,0:03:28,test,,OFF,,,,,,,,,,,,,,,,,,,,,,,,,,,
70039,2023/06/17 09:48:51,2023/06/17 09:49:20,0:00:29,test,,OFF,,,,,,,,,,,,,,,,,,,,,,,,,,,
70040,2023/06/17 09:49:22,2023/06/17 09:49:47,0:00:25,test,,OFF,,,,,,,,,,,,,,,,,,,,,,,,,,,
70041,2023/06/17 09:50:39,2023/06/17 09:51:01,0:00:22,test,,OFF,,,,,,,,,,,,,,,,,,,,,,,,,,,
70042,2023/06/17 09:51:34,2023/06/17 10:10:46,0:19:12,test,,OFF,,,,,,,,,,,,,,,,,,,,,,,,,,,
70043,2023/06/17 10:11:08,2023/06/17 10:13:46,0:02:38,WC pedestal test,11764,ON,239080836,,,,,,,,,,,,,,,,,,,,,,,,,,
70044,2023/06/17 10:13:54,2023/06/17 10:15:04,0:01:10,WC pedestal test,1241,ON,25222160,,,,,,,,,,,,,,,,,,,,,,,,,,
70045,2023/06/17 10:15:14,2023/06/17 10:18:43,0:03:29,WC pedestal test,,OFF,,,,,,,,,,,,,,,,,,,,,,,,,,,
70046,2023/06/17 10:21:06,2023/06/17 10:22:43,0:01:37,WC pedestal test,,OFF,,,,,,,,,,,,,,,,,,,,,,,,,,,
70047,2023/06/17 10:22:58,2023/06/17 11:14:49,0:51:51,WC pedestal test,,OFF,,,,,,,,,,,,,,,,,,,,,,,,,,,
70048,2023/06/17 11:15:07,2023/06/17 11:34:35,0:19:28,WC pedestal test,,OFF,,,,,,,,,,,,,,,,,,,,,,,,,,,
70049,2023/06/17 11:34:44,2023/06/17 11:36:51,0:02:07,WC pedestal test,93653,ON,1907130588,,,,,,,,,,,,,,,,,,,,,,,,,,
70050,2023/06/17 11:56:53,2023/06/17 12:31:16,0:34:23,test,,OFF,,,,,,,,,,,,,,,,,,,,,,,,,,,
70051,2023/06/17 18:00:05,2023/06/17 18:40:42,0:40:37,test,,OFF,,,,,,,,,,,,,,,,,,,,,,,,,,,
70052,2023/06/17 18:40:51,2023/06/17 19:18:03,0:37:12,test,,OFF,,,,,,,,,,,,,,,,,,,,,,,,,,,
70053,2023/06/17 23:41:35,2023/06/17 23:42:19,0:00:44,hbx check w/o beam (60Co. NaIxGe. LSOxGe),,OFF,,,,,,,,,,,,,,,,,,,,,,,,,,,
70054,2023/06/17 23:42:57,2023/06/17 23:43:18,0:00:21,hbx check w/o beam (60Co. NaIxGe. LSOxGe),34,ON,695728,,,,,,,,,,,,,,,,,,,,,,,,,,
70055,2023/06/17 23:44:09,2023/06/17 23:44:27,0:00:18,hbx check w/o beam (60Co. NaIxGe. LSOxGe),,OFF,,,,,,,,,,,,,,,,,,,,,,,,,,,
70056,2023/06/17 23:44:43,2023/06/17 23:45:27,0:00:44,hbx check w/o beam (60Co. NaIxGe. LSOxGe),151,ON,3090192,,,,,,,,,,,,,,,,,,,,,,,,,,
70057,2023/06/17 23:47:49,2023/06/18 00:13:19,0:25:30,hbx check w/o beam (60Co. NaIxGe. LSOxGe),7078,ON,144865976,,,,,,,,,,,,,,,,,,,,,,,,,,
70058,2023/06/18 01:23:57,2023/06/18 01:24:13,0:00:16,WC x TOF cosmic ray,0,ON,0,,,,,,,,,,,,,,,,,,,,,,,,,,
70059,2023/06/18 01:25:03,2023/06/18 01:49:17,0:24:14,WC x TOF cosmic ray,6724,ON,137624504,,,,,,,,,,,,,,,,,,,,,,,,,,
70060,2023/06/18 02:02:37,2023/06/18 02:03:41,0:01:04,hbx other3 test,2307,ON,46437336,,,,,,,,,,,,,,,,,,,,,,,,,,
70061,2023/06/18 02:34:28,2023/06/18 02:36:38,0:02:10,hbx other3 test,525,ON,10633436,,,,,,,,,,,,,,,,,,,,,,,,,,
70062,2023/06/18 02:57:40,2023/06/18 04:00:49,1:03:09,test,,OFF,,,,,,,,,,,,,,,,,,,,,,,,,,,
70063,2023/06/18 04:02:47,2023/06/18 04:03:03,0:00:16,test,,OFF,,,,,,,,,,,,,,,,,,,,,,,,,,,
70064,2023/06/18 04:03:31,2023/06/18 04:09:35,0:06:04,test,,OFF,,,,,,,,,,,,,,,,,,,,,,,,,,,
70065,2023/06/18 04:09:58,2023/06/18 04:10:55,0:00:57,test,,OFF,,,,,,,,,,,,,,,,,,,,,,,,,,,
70066,2023/06/18 04:12:43,2023/06/18 04:15:40,0:02:57,test,,OFF,,,,,,,,,,,,,,,,,,,,,,,,,,,
70067,2023/06/18 04:15:56,2023/06/18 04:18:22,0:02:26,test,,OFF,,,,,,,,,,,,,,,,,,,,,,,,,,,
70068,2023/06/18 04:18:38,2023/06/18 04:26:34,0:07:56,test,,OFF,,,,,,,,,,,,,,,,,,,,,,,,,,,
70069,2023/06/18 04:26:53,2023/06/18 04:32:43,0:05:50,test,,OFF,,,,,,,,,,,,,,,,,,,,,,,,,,,
70070,2023/06/18 04:33:00,2023/06/18 04:37:46,0:04:46,test,,OFF,,,,,,,,,,,,,,,,,,,,,,,,,,,
70071,2023/06/18 04:38:12,2023/06/18 04:42:13,0:04:01,test,,OFF,,,,,,,,,,,,,,,,,,,,,,,,,,,
70072,2023/06/18 04:42:30,2023/06/18 04:45:38,0:03:08,test,,OFF,,,,,,,,,,,,,,,,,,,,,,,,,,,
70073,2023/06/18 04:45:57,2023/06/18 04:56:02,0:10:05,test,,OFF,,,,,,,,,,,,,,,,,,,,,,,,,,,
70074,2023/06/18 04:56:19,2023/06/18 04:59:31,0:03:12,test,,OFF,,,,,,,,,,,,,,,,,,,,,,,,,,,
70075,2023/06/18 04:59:49,2023/06/18 05:03:02,0:03:13,test,,OFF,,,,,,,,,,,,,,,,,,,,,,,,,,,
70076,2023/06/18 05:03:44,2023/06/18 05:11:45,0:08:01,test,,OFF,,,,,,,,,,,,,,,,,,,,,,,,,,,
70077,2023/06/18 05:12:00,2023/06/18 05:22:02,0:10:02,test,,OFF,,,,,,,,,,,,,,,,,,,,,,,,,,,
70078,2023/06/18 05:22:15,2023/06/18 06:42:31,1:20:16,test,,OFF,,,,,,,,,,,,,,,,,,,,,,,,,,,
70079,2023/06/18 06:43:54,2023/06/18 07:29:57,0:46:03,test,,OFF,,,,,,,,,,,,,,,,,,,,,,,,,,,
70080,2023/06/18 07:30:06,2023/06/18 10:02:24,2:32:18,test,,OFF,,,,,,,,,,,,,,,,,,,,,,,,,,,
70081,2023/06/18 10:44:43,2023/06/18 12:05:42,1:20:59,test,,OFF,,,,,,,,,,,,,,,,,,,,,,,,,,,
70082,2023/06/18 12:06:00,2023/06/18 12:06:22,0:00:22,test,,OFF,,,,,,,,,,,,,,,,,,,,,,,,,,,
70083,2023/06/18 12:07:17,2023/06/18 16:57:35,4:50:18,test,,OFF,,,,,,,,,,,,,,,,,,,,,,,,,,,
70084,2023/06/18 18:36:12,2023/06/18 18:36:24,0:00:12,test,,OFF,,,,,,,,,,,,,,,,,,,,,,,,,,,
70085,2023/06/18 18:36:39,2023/06/18 19:02:42,0:26:03,test,,OFF,,,,,,,,,,,,,,,,,,,,,,,,,,,
70086,2023/06/18 19:05:11,2023/06/19 00:43:29,5:38:18,test,,OFF,,,,,,,,,,,,-0.0030555429574265734,4.00167996612095,35.35564923997475,0.0,0.0,0.0,87.41258741258741,87.41258741258741,82.58741258741259,0.0,0.0,0.0,0.0,0.0,-0.0025480524475524472,1.418361857142857,ALL,TOFxWC,-,-,BH2xTOFx/M3D,-,-,BH1xBH2,-,-,BH1xBH2,-,-,TOFxWC,1,ON/OFF,TOF,-,-
70087,2023/06/19 00:43:42,2023/06/19 00:44:07,0:00:25,BH1 test,,OFF,,,,,,,,,,,,,,,,,,,,,,,,,,,
70088,2023/06/19 00:44:13,2023/06/19 00:44:34,0:00:21,BH1 test,,OFF,,,,,,,,,,,,,,,,,,,,,,,,,,,
70089,2023/06/19 00:44:50,2023/06/19 00:45:25,0:00:35,BH1 test,,OFF,,,,,,,,,,,,-0.00305188256,4.085626524358338,0.0,0.0,0.0,0.0,2500.0,2500.0,2362.0,0.0,0.0,0.0,0.0,0.0,-0.002545,0.0,ALL,TOFxWC,-,-,BH2xTOFx/M3D,-,-,BH1xBH2,-,-,BH1xBH2,-,-,TOFxWC,1,ON/OFF,TOF,-,-
70090,2023/06/19 00:45:42,2023/06/19 00:49:31,0:03:49,BH1 test (e96 daq study with S2S excitation),,OFF,,,,,,,,,,,,-0.0030563366125714283,4.126371792695067,0.0,0.0,0.0,0.0,2500.0,2500.0,2362.0,0.0,0.0,0.0,0.0,0.0,-0.0025487142857142857,1.4183482857142855,ALL,BH1,-,-,BH2xTOFx/M3D,-,-,BH1xBH2,-,-,BH1xBH2,-,-,BH1,1,ON/OFF,TOF,1,ON/OFF
70091,2023/06/19 00:49:40,2023/06/19 00:51:39,0:01:59,BH1 test (e96 daq study with S2S excitation),,OFF,,,,,,,,,,,,-0.00305637944,7.319575367346085,0.0,0.0,0.0,0.0,2500.0,2500.0,2362.0,0.0,0.0,0.0,0.0,0.0,-0.00254875,1.4189109999999998,ALL,BH1,-,-,BH2xTOFx/M3D,-,-,BH1xBH2,-,-,BH1xBH2,-,-,BH1,1,ON/OFF,TOF,1,ON/OFF
70092,2023/06/19 00:51:50,2023/06/19 01:09:49,0:17:59,BH1 test,,OFF,,,,,,,,,,,,-0.003052448833777777,12.453862765258643,0.0,0.0,0.0,0.0,486.1111111111111,486.1111111111111,459.27777777777777,0.0,0.0,0.0,0.0,0.0,-0.0025454722222222215,1.4182025,ALL,BH1,-,-,BH2xTOFx/M3D,-,-,BH1xBH2,-,-,BH1xBH2,-,-,BH1,1,ON/OFF,TOF,1,ON/OFF
70093,2023/06/19 01:10:25,2023/06/19 01:17:47,0:07:22,bc4 test,,OFF,,,,,,,,,,,,-0.003055879786666667,16.096396015297294,0.0,0.0,0.0,0.0,2500.0,2500.0,2362.0,0.0,0.0,0.0,0.0,0.0,-0.002548333333333333,1.41891,ALL,BH2,1,ON,BH2xTOFx/M3D,-,-,BH1xBH2,-,-,BH1xBH2,-,-,BH2,1,ON/OFF,TOF,-,-
70094,2023/06/19 01:25:08,2023/06/19 02:28:30,1:03:22,bh2 test,,OFF,,,,,,,,,,,,-0.0030617233513650804,15.158795417901919,0.0,0.0,0.0,0.0,1746.031746031746,1746.031746031746,1649.6507936507937,0.0,0.0,0.0,0.0,0.0,-0.00255320634920635,1.4190050869565214,ALL,BH2,1,ON,BH2xTOFx/M3D,-,-,BH1xBH2,-,-,BH1xBH2,-,-,BH2,1,ON/OFF,TOF,-,-
70095,2023/06/19 02:28:37,2023/06/19 02:40:56,0:12:19,bh2 test,,OFF,,,,,,,,,,,,-0.0030533215616,16.10996340035694,0.0,0.0,0.0,0.0,0.0,0.0,0.0,0.0,0.0,0.0,0.0,0.0,-0.0025462,0.0,ALL,BH2,1,ON,BH2xTOFx/M3D,-,-,BH1xBH2,-,-,BH1xBH2,-,-,BH2,1,ON/OFF,TOF,-,-
70096,2023/06/19 02:50:21,2023/06/19 03:14:56,0:24:35,bh1 test,,OFF,,,,,,,,,,,,-0.0030496555337142855,16.037058893396644,0.0,0.0,0.0,0.0,0.0,0.0,0.0,0.0,0.0,0.0,0.0,0.0,-0.002543142857142857,0.0,ALL,BH2,1,ON,BH2xTOFx/M3D,-,-,BH1xBH2,-,-,BH1xBH2,-,-,BH2,1,ON/OFF,TOF,-,-
70097,2023/06/19 03:15:05,2023/06/19 03:25:41,0:10:36,bh1 test,,OFF,,,,,,,,,,,,-0.0030464317963636365,16.037058893396644,0.0,0.0,0.0,0.0,0.0,0.0,0.0,0.0,0.0,0.0,0.0,0.0,-0.002540454545454546,0.0,ALL,BH1,-,-,BH2xTOFx/M3D,-,-,BH1xBH2,-,-,BH1xBH2,-,-,BH1,1,ON/OFF,TOF,1,ON/OFF
70098,2023/06/19 03:25:48,2023/06/19 03:38:07,0:12:19,bh1 test,,OFF,,,,,,,,,,,,-0.0030448874133333337,16.03705889339664,0.0,0.0,0.0,0.0,0.0,0.0,0.0,0.0,0.0,0.0,0.0,0.0,-0.0025391666666666666,0.0,ALL,BH1,-,-,BH2xTOFx/M3D,-,-,BH1xBH2,-,-,BH1xBH2,-,-,BH1,1,ON/OFF,TOF,1,ON/OFF
70099,2023/06/19 03:38:14,2023/06/19 03:58:52,0:20:38,bh1 test,,OFF,,,,,,,,,,,,-0.003045097024,16.160649743224308,0.0,0.0,0.0,0.0,0.0,0.0,0.0,0.0,0.0,0.0,0.0,0.0,-0.002539341463414634,0.0,ALL,BH1,-,-,BH2xTOFx/M3D,-,-,BH1xBH2,-,-,BH1xBH2,-,-,BH1,1,ON/OFF,TOF,1,ON/OFF
70100,2023/06/19 05:34:49,2023/06/19 05:35:48,0:00:59,aft pedestalrun,871,ON,17532436,,,,,,,,,,,-0.00304588672,3.937681514390363,0.0,0.0,0.0,0.0,0.0,0.0,0.0,0.0,0.0,0.0,0.0,0.0,-0.0025399999999999997,0.0,ALL,BH1xBH2x/BAC,-,-,BH2,-,-,BH2,-,-,BH1xBH2,-,-,BH1,-,-,BH1xBH2xBAC,-,-
70101,2023/06/19 05:39:32,2023/06/19 05:42:44,0:03:12,AFT pedestal run,14272,ON,290793596,,,,,,,,,,,-0.003045715410285714,3.937681514390363,0.0,0.0,0.0,0.0,0.0,0.0,0.0,0.0,0.0,0.0,0.0,0.0,-0.0025398571428571427,0.0,ALL,BH1xBH2x/BAC,-,-,BH2,-,-,BH2,-,-,BH1xBH2,-,-,BH1,-,-,BH1xBH2xBAC,-,-
70102,2023/06/19 05:46:38,2023/06/19 05:48:51,0:02:13,AFT pedestal run,66656,ON,1342814968,,,,,,,,,,,-0.0030437282176000004,3.9376815143903636,0.0,0.0,0.0,0.0,0.0,0.0,0.0,0.0,0.0,0.0,0.0,0.0,-0.0025382,0.0,ALL,BH1xBH2x/BAC,-,-,BH2,-,-,BH2,-,-,BH1xBH2,-,-,BH1,-,-,BH1xBH2xBAC,-,-
70103,2023/06/19 05:50:55,2023/06/19 05:52:38,0:01:43,AFT pedestal run,,OFF,,,,,,,,,,,,-0.003042688938666667,8.146075588517876,0.0,0.0,0.0,0.0,0.0,0.0,0.0,0.0,0.0,0.0,0.0,0.0,-0.0025373333333333337,0.0,ALL,BH1xBH2x/BAC,-,-,BH2,-,-,BH2,-,-,BH1xBH2,-,-,BH1,-,-,BH1xBH2xBAC,-,-
70104,2023/06/19 06:17:46,2023/06/19 06:23:08,0:05:22,AFT pedestal run,,OFF,,,,,,,,,,,,-0.0030440879679999996,45.514839981982654,0.0,0.0,0.0,0.0,0.0,0.0,0.0,0.0,0.0,0.0,0.0,0.0,-0.0025385,0.0,ALL,BH1xBH2x/BAC,-,-,BH2,-,-,BH2,-,-,BH1xBH2,-,-,BH1,-,-,BH1xBH2xBAC,-,-
70105,2023/06/19 06:37:01,2023/06/19 06:46:31,0:09:30,gexlso fwhm test,,OFF,,,,,,,,,,,,-0.003042036759578947,63.379362339198465,0.0,0.0,0.0,0.0,0.0,0.0,0.0,0.0,0.0,0.0,0.0,0.0,-0.0025367894736842106,0.0,ALL,BH1xBH2x/BAC,-,-,BH2,-,-,BH2,-,-,BH1xBH2,-,-,BH1,-,-,BH1xBH2xBAC,-,-
70106,2023/06/19 16:43:12,2023/06/19 16:51:12,0:08:00,pedestal Clock trig (MR HD ON),366320,ON,7382252872,,,,,,,,,,,-1.8149669998,30.113263925329477,46.42742445445771,-345.9375,-4800.0,-860.0,2500.0,2500.0,2362.0,0.0,175.109375,175.109375,0.0,0.0,-1.513521875,1.4189174285714288,ALL,BH1xBH2x/BAC,-,-,BH2,-,-,BH2,-,-,BH1xBH2,-,-,BH1,-,-,BH1xBH2xBAC,-,-
70107,2023/06/19 16:54:25,2023/06/19 17:04:39,0:10:14,beam check BH1 and TOF trig (MR HD S2SON),248667,ON,5010100624,,,,,,,,,,,-1.8150011461087998,30.13686746343256,46.596315533463816,-369.0,-4800.0,-860.0,2500.0,2500.0,2362.0,0.0,200.0,200.0,0.0,0.0,-1.51355035,1.418941888888889,ALL,BH1,-,-,BH2xTOFx/M3D,-,-,BH1xBH2,-,-,BH1xBH2,-,-,BH1,1,ON/OFF,TOF,1,ON/OFF
70108,2023/06/19 17:18:43,2023/06/19 18:03:41,0:44:58,before beam check BH2 trig (MR HD),11247,ON,226553384,,,,,,,,,,,-0.0030638475918222225,30.109337608645742,45.2913415292491,-369.0,0.0,0.0,0.0,0.0,0.0,161.44444444444446,200.0,200.0,0.0,0.0,-0.002554977777777778,0.0,ALL,BH2,1,ON,BH2xTOFx/M3D,-,-,BH1xBH2,-,-,BH1xBH2,-,-,BH2,1,ON/OFF,TOF,-,-
70109,2023/06/19 18:20:11,2023/06/19 18:21:21,0:01:10,daq test,,OFF,,,,,,,,,,,,-0.0030614759039999996,30.164420803715704,47.727937060070566,-369.0,0.0,0.0,0.0,0.0,0.0,1453.0,200.0,200.0,0.0,0.0,-0.002553,0.0,ALL,BH2,1,ON,BH2xTOFx/M3D,-,-,BH1xBH2,-,-,BH1xBH2,-,-,BH2,1,ON/OFF,TOF,-,-
70110,2023/06/19 18:30:54,2023/06/19 18:31:48,0:00:54,daq test,,OFF,,,,,,,,,,,,-0.0030578784,30.16392938329611,49.01985862601586,-369.0,0.0,0.0,0.0,0.0,0.0,1453.0,200.0,200.0,0.0,0.0,-0.00255,0.0,ALL,BH1xBH2x/BAC,-,-,BH2,-,-,BH2,-,-,BH1xBH2,-,-,BH1,-,-,BH1xBH2xBAC,-,-
70111,2023/06/19 18:37:02,2023/06/19 18:50:12,0:13:10,daq test,,OFF,,,,,,,,,,,,-0.0030544653833846154,30.137295395528742,45.31865358353902,-255.46153846153845,0.0,0.0,0.0,0.0,0.0,950.0384615384615,200.0,200.0,0.0,0.0,-0.0025471538461538457,0.0,ALL,BH1xBH2x/BAC,-,-,BH2,-,-,BH2,-,-,BH1xBH2,-,-,BH1,-,-,BH1xBH2xBAC,-,-
70112,2023/06/19 18:54:08,2023/06/19 18:59:54,0:05:46,daq test,,OFF,,,,,,,,,,,,-0.0030548804799999997,30.093487626529527,47.42394999169153,-369.0,0.0,0.0,0.0,0.0,0.0,1453.0,200.0,200.0,0.0,0.0,-0.0025475,0.0,ALL,BH1xBH2x/BAC,-,-,BH2,-,-,BH2,-,-,BH1xBH2,-,-,BH1,-,-,BH1xBH2xBAC,-,-
70113,2023/06/19 19:01:46,2023/06/19 19:06:21,0:04:35,daq test,,OFF,,,,,,,,,,,,-0.0030551203136,30.137101456666862,47.13001216779884,-369.0,0.0,0.0,0.0,0.0,0.0,1453.0,200.0,200.0,0.0,0.0,-0.0025477,0.0,ALL,BH1xBH2x/BAC,-,-,BH2,-,-,BH2,-,-,BH1xBH2,-,-,BH1,-,-,BH1xBH2xBAC,-,-
70114,2023/06/19 19:20:17,2023/06/19 19:47:29,0:27:12,AC1 study,,OFF,,,,,,,,,,,,-0.0030522314088727268,30.141103922596375,45.26006176062834,-291.8181818181818,0.0,0.0,0.0,0.0,0.0,1215.2363636363636,200.0,200.0,0.5536363636363637,0.5536363636363637,-0.0025452909090909093,0.0,ALL,TOFxWC,-,-,BH2xTOFx/M3D,-,-,BH1xBH2,-,-,BH1xBH2,-,-,TOFxWC,1,ON/OFF,TOF,-,-
70115,2023/06/19 19:47:46,2023/06/19 19:54:48,0:07:02,AC1 study,,OFF,,,,,,,,,,,,-0.0030505120822857143,30.113849206623936,46.561173407984924,316.2857142857143,0.0,0.0,0.0,0.0,0.0,1453.0,200.0,200.0,88.78928571428573,88.78928571428573,-0.0025438571428571424,0.0,ALL,TOFxWC,-,-,BH2xTOFx/M3D,-,-,BH1xBH2,-,-,BH1xBH2,-,-,TOFxWC,1,ON/OFF,TOF,-,-
70116,2023/06/19 20:08:07,2023/06/19 20:32:34,0:24:27,trigger adjustment,2980,ON,69037792,,,,,,,,,,,-1.77610404816849,30.090068251285267,47.768321713354005,-721.0,-4800.0,-860.0,2091.8367346938776,2091.8367346938776,1987.6326530612246,1453.0,250.0,250.0,250.0,250.0,-1.481113612244898,1.420899,ALL,BH1xBH2x/BAC,-,-,BH1xBH2,-,-,BH1xBH2,-,-,BH1xBH2,-,-,BH1xBH2,1,ON,TOF,-,-
70117,2023/06/19 20:32:57,2023/06/19 20:46:11,0:13:14,trigger adjustment beam ON 100k BH2,15473,ON,368466920,,,,,,,,,,,-1.814786352059077,30.12419821320315,48.19127191201179,-693.9230769230769,-4800.0,-860.0,2500.0,2500.0,2362.0,1453.0,250.0,250.0,250.0,250.0,-1.5133712307692306,1.419153789473684,ALL,BH1xBH2x/BAC,-,-,BH1xBH2,-,-,BH1xBH2,-,-,BH1xBH2,-,-,BH1xBH2,1,ON,TOF,-,-
70118,2023/06/19 20:46:28,2023/06/19 20:56:03,0:09:35,trigger adjustment beam ON 100k BH2,28295,ON,674276028,,,,,,,,,,,-1.8147893572614737,30.09542169277388,47.19946475465027,-721.0,-4800.0,-860.0,2500.0,2500.0,2362.0,1453.0,250.0,250.0,250.0,250.0,-1.5133737368421052,1.4191531333333331,ALL,BH1xBH2x/BAC,-,-,BH1xBH2,-,-,BH1xBH2,-,-,BH1xBH2,-,-,BH1xBH2,1,ON,TOF,-,-
70119,2023/06/19 20:56:19,2023/06/19 21:00:39,0:04:20,trigger adjustment beam ON 100k BH2,12465,ON,296498852,,,,,,,,,,,-1.8147938032995556,30.111001875532427,46.68295759612271,-721.0,-4800.0,-860.0,2500.0,2500.0,2362.0,1453.0,250.0,250.0,250.0,250.0,-1.5133774444444446,1.4191489999999998,ALL,BH1xBH2x/BAC,-,-,BH1xBH2,-,-,BH1xBH2,-,-,BH1xBH2,-,-,BH1xBH2,1,ON,TOF,-,-
70120,2023/06/19 21:01:01,2023/06/19 21:06:26,0:05:25,trigger adjustment beam ON 100k BH2,14627,ON,347950988,,,,,,,,,,,-1.8147947965498181,30.125014234464473,47.02514180217574,-721.0,-4800.0,-860.0,2500.0,2500.0,2362.0,1453.0,250.0,250.0,250.0,250.0,-1.5133782727272729,1.4191505,ALL,BH1xBH2x/BAC,-,-,BH1xBH2,-,-,BH1xBH2,-,-,BH1xBH2,-,-,BH1xBH2,1,ON,TOF,-,-
70121,2023/06/19 21:06:44,2023/06/19 21:11:44,0:05:00,trigger adjustment beam ON 100k BH2,0,ON,0,,,,,,,,,,,-1.814799266176,30.099017778656172,46.129499352259096,-721.0,-4800.0,-860.0,2500.0,2500.0,2362.0,1453.0,250.0,250.0,250.0,250.0,-1.5133819999999998,1.41915,ALL,BH1xBH2x/BAC,-,-,BH1xBH2,-,-,BH1xBH2,-,-,BH1xBH2,-,-,BH1xBH2,1,ON,TOF,-,-
70122,2023/06/19 21:12:02,2023/06/19 21:24:54,0:12:52,trigger adjustment beam ON 100k BH2,41784,ON,1001360684,,,,,,,,,,,-1.8148025408270767,30.098414820857922,47.111757315024335,-721.0,-4800.0,-860.0,2500.0,2500.0,2362.0,1453.0,250.0,250.0,250.0,250.0,-1.5133847307692305,1.4191484999999997,ALL,BH1xBH2x/BAC,-,-,BH1xBH2,-,-,BH1xBH2,-,-,BH1xBH2,-,-,BH1xBH2,1,ON,TOF,-,-
70123,2023/06/19 21:25:29,2023/06/19 21:29:39,0:04:10,trigger adjustment chamberON beam trig,12855,ON,308478252,,,,,,,,,,,-1.814807510456,30.113584358218347,47.88983253731786,-721.0,-4800.0,-860.0,2500.0,2500.0,2362.0,1453.0,250.0,250.0,250.0,250.0,-1.513388875,1.4191468571428572,ALL,BH1xBH2x/BAC,-,-,BH1xBH2,-,-,BH1xBH2,-,-,BH1xBH2,-,-,BH1xBH2,1,ON,TOF,-,-
70124,2023/06/19 21:29:51,2023/06/19 21:39:18,0:09:27,trigger adjustment chamberON beam trig slit closing,7315,ON,172982652,,,,,,,,,,,-1.8148011315484445,30.099653491536294,46.10180833307537,-721.0,-4800.0,-860.0,2500.0,2500.0,2362.0,1453.0,250.0,250.0,250.0,250.0,-1.5133835555555557,1.4191454000000001,ALL,BH2,1,ON,BH1xBH2,-,-,BH1xBH2,-,-,BH1xBH2,-,-,BH1xBH2,1,ON,TOF,-,-
70125,2023/06/19 21:39:26,2023/06/19 21:45:06,0:05:40,trigger adjustment chamberON final BH2 check,110,ON,2226548,,,,,,,,,,,-1.8148053710312728,30.13292005285285,46.73188641749254,-721.0,-4800.0,-860.0,2500.0,2500.0,2362.0,1453.0,250.0,250.0,250.0,250.0,-1.513387090909091,1.4191440000000002,ALL,BH2,1,ON,BH1xBH2,-,-,BH1xBH2,-,-,BH1xBH2,-,-,BH1xBH2,-,-,TOF,-,-
70126,2023/06/19 21:45:18,2023/06/19 21:51:31,0:06:13,trigger adjustment chamberON final BH2 check (after),53344,ON,1080623996,,,,,,,,,,,-1.8148018489993842,30.145958323187998,47.41917001002508,-721.0,-4800.0,-860.0,2500.0,2500.0,2362.0,1453.0,250.0,250.0,250.0,250.0,-1.5133841538461539,1.419145333333333,ALL,BH2,20,ON,BH1xBH2,-,-,BH1xBH2,-,-,BH1xBH2,-,-,BH1xBH2,-,-,TOF,-,-
70127,2023/06/19 21:51:46,2023/06/19 21:54:08,0:02:22,trigger adjustment chamberON final BH2 check (after#2),23241,ON,470873804,,,,,,,,,,,-1.8148014246784,30.090034641461397,47.877575584481825,-721.0,-4800.0,-860.0,2500.0,2500.0,2362.0,1453.0,250.0,250.0,250.0,250.0,-1.5133838,1.4191417499999999,ALL,BH2,20,ON,BH1xBH2,-,-,BH1xBH2,-,-,BH1xBH2,-,-,BH1xBH2,-,-,TOF,-,-
70128,2023/06/19 21:54:15,2023/06/19 22:04:06,0:09:51,trigger adjustment chamberON final BH2 check (after#3),216524,ON,4387307428,,,,,,,,,,,-1.8147899126656,30.114645771258125,46.74376851868987,-721.0,-4800.0,-860.0,2500.0,2500.0,2362.0,1453.0,250.0,250.0,250.0,250.0,-1.5133742,1.4191420588235295,ALL,BH2,20,ON,BH1xBH2,-,-,BH1xBH2,-,-,BH1xBH2,-,-,BH1xBH2,-,-,TOF,-,-
70129,2023/06/19 22:09:52,2023/06/19 22:16:29,0:06:37,ADC gate timming check during slit opening,49135,ON,1176901096,,,,,,,,,,,-1.8147994506633844,30.08435562514564,47.21625139341045,-721.0,-4800.0,-860.0,2500.0,2500.0,2362.0,1453.0,250.0,250.0,250.0,250.0,-1.5133821538461538,1.4191416666666665,ALL,BH2,20,ON,BH1xBH2,-,-,BH1xBH2,-,-,BH1xBH2,-,-,BH1xBH2,-,-,TOF,-,-
70130,2023/06/19 22:16:44,2023/06/19 22:20:39,0:03:55,ADC gate timming check chamber ON,4824,ON,117605068,,,,,,,,,,,-1.8148021142,30.099611267806452,46.51250518172637,-721.0,-4800.0,-860.0,2500.0,2500.0,2362.0,1453.0,250.0,250.0,250.0,250.0,-1.513384375,1.41913775,ALL,BH2,20,ON,BH1xBH2,-,-,BH1xBH2,-,-,BH1xBH2,-,-,BH1xBH2,-,-,TOF,-,-
70131,2023/06/19 22:21:59,2023/06/19 22:26:18,0:04:19,ADC gate timming check chamber ON,50921,ON,1242974516,,,,,,,,,,,-1.8148015146160001,30.108155766105675,46.682520656114505,-721.0,-4800.0,-860.0,2500.0,2500.0,2362.0,1453.0,250.0,250.0,250.0,250.0,-1.5133838750000002,1.4191385714285711,ALL,BH1xBH2x/BACxTOFx/AC1xM2D1,-,-,BH1xBH2,100,ON,BH1xBH2xTOF,-,-,BH1xBH2x/BACxTOFxAC1xM2D1,-,-,TOFxWC,-,-,BH1,-,-
70132,2023/06/19 22:26:44,2023/06/19 22:33:46,0:07:02,ADC gate timming check chamber ON trig beamxTOF,19176,ON,497668612,,,,,,,,,,,-1.8148105726171428,30.119681491869034,47.18821626909624,-721.0,-4800.0,-860.0,2500.0,2500.0,2362.0,1453.0,250.0,250.0,250.0,250.0,-1.5133914285714287,1.4191360999999998,ALL,BH1xBH2x/BACxTOFx/AC1xM2D1,-,-,BH1xBH2,-,-,BH1xBH2xTOF,1,ON,BH1xBH2x/BACxTOFxAC1xM2D1,-,-,TOFxWC,-,-,BH1,-,-
70133,2023/06/19 22:34:53,2023/06/19 22:34:59,0:00:06,AFT hold timing check,0,ON,0,,,,,,,,,,,,,,,,,,,,,,,,,,
70134,2023/06/19 22:35:33,2023/06/19 22:38:07,0:02:34,AFT hold timing check,3863,ON,19773176,,,,,,,,,,,-1.8148016645119998,30.12348811519601,47.86170104876013,-721.0,-4800.0,-860.0,2500.0,2500.0,2362.0,1453.0,250.0,250.0,250.0,250.0,-1.5133839999999998,1.4191295,ALL,BH1xBH2x/BACxTOFx/AC1xM2D1,-,-,BH1xBH2,-,-,BH1xBH2xTOF,1,ON,BH1xBH2x/BACxTOFxAC1xM2D1,-,-,TOFxWC,-,-,BH1,-,-
70135,2023/06/19 22:38:51,2023/06/19 22:39:07,0:00:16,AFT hold timing check,483,ON,2461616,,,,,,,,,,,,,,,,,,,,,,,,,,
70136,2023/06/19 22:39:14,2023/06/19 22:58:54,0:19:40,AFT hold timing checkd,42697,ON,217900252,,,,,,,,,,,-1.8148040928272,30.101196176902363,47.200515739401716,-721.0,-4800.0,-860.0,2500.0,2500.0,2362.0,1453.0,250.0,250.0,250.0,250.0,-1.513386025,1.419133121212121,ALL,BH1xBH2x/BACxTOFx/AC1xM2D1,-,-,BH1xBH2,-,-,BH1xBH2xTOF,1,ON,BH1xBH2x/BACxTOFxAC1xM2D1,-,-,TOFxWC,-,-,BH1,-,-
70137,2023/06/19 22:59:26,2023/06/19 23:02:24,0:02:58,AFT hold timing checkd,1762,ON,9182276,,,,,,,,,,,-1.8147978671466667,30.1133583146711,46.13908391056336,-721.0,-4800.0,-860.0,2500.0,2500.0,2362.0,1453.0,250.0,250.0,250.0,250.0,-1.5133808333333334,1.4191296,ALL,BH1xBH2x/BACxTOFx/AC1xM2D1,-,-,BH1xBH2,-,-,BH1xBH2xTOFxM2D1,1,ON,BH1xBH2x/BACxTOFxAC1xM2D1,-,-,TOFxWC,-,-,BH1,-,-
70138,2023/06/19 23:03:44,2023/06/19 23:05:52,0:02:08,AFT hold timing checked,1817,ON,49007656,,,,,,,,,,,-1.8147959085055998,30.12400078209452,47.292531134834505,-721.0,-4800.0,-860.0,2500.0,2500.0,2362.0,1453.0,250.0,250.0,250.0,250.0,-1.5133792,1.4191297999999999,ALL,BH1xBH2x/BACxTOFx/AC1xM2D1,-,-,BH1xBH2,-,-,BH1xBH2xTOFxM2D1,1,ON,BH1xBH2x/BACxTOFxAC1xM2D1,-,-,TOFxWC,-,-,BH1,-,-
70139,2023/06/19 23:06:04,2023/06/19 23:07:38,0:01:34,AFT hold timing checked,641,ON,17385584,,,,,,,,,,,-1.814798067008,30.08953270833186,46.8130661767789,-721.0,-4800.0,-860.0,2500.0,2500.0,2362.0,1453.0,250.0,250.0,250.0,250.0,-1.513381,1.419133,ALL,BH1xBH2x/BACxTOFx/AC1xM2D1,-,-,BH1xBH2,-,-,BH1xBH2xTOFxM2D1,1,ON,BH1xBH2x/BACxTOFxAC1xM2D1,-,-,TOFxWC,-,-,BH1,-,-
70140,2023/06/19 23:07:53,2023/06/19 23:24:14,0:16:21,AFT hold timing checked,21795,ON,589049004,,,,,,,,,,,-1.814806723502,30.108719244151093,46.82154468317376,-721.0,-4800.0,-860.0,2500.0,2500.0,2362.0,1453.0,250.0,250.0,250.0,250.0,-1.5133882187499998,1.41912972,ALL,BH1xBH2x/BACxTOFx/AC1xM2D1,-,-,BH1xBH2,-,-,BH1xBH2xTOFxM2D1,1,ON,BH1xBH2x/BACxTOFxAC1xM2D1,-,-,TOFxWC,-,-,BH1,-,-
70141,2023/06/19 23:32:03,2023/06/19 23:36:46,0:04:43,TOF timing check,23483,ON,473279760,,,,,,,,,,,-1.8148023307164445,30.115927962969945,46.512976722736084,-721.0,-4800.0,-860.0,2500.0,2500.0,2362.0,1453.0,250.0,250.0,250.0,250.0,-1.5133845555555556,1.4191284285714283,ALL,BH1xBH2x/BACxTOFx/AC1xM2D1,-,-,BH1xBH2,-,-,BH1xBH2xTOF,-,-,BH1xBH2x/BACxTOFxAC1xM2D1,-,-,TOF,1,ON,BH1,-,-
70142,2023/06/19 23:39:29,2023/06/19 23:45:10,0:05:41,TOF timing check (spill structure is checked during this run),3774,ON,108121604,,,,,,,,,,,-1.814803953832727,30.10545320734916,46.68796743701301,-721.0,-4800.0,-860.0,2500.0,2500.0,2362.0,1453.0,250.0,250.0,250.0,250.0,-1.5133859090909092,1.4191265454545454,ALL,BH1xBH2x/BACxTOFx/AC1xM2D1,-,-,BH1xBH2,-,-,BH1xBH2xTOFxM2D1,1,ON,BH1xBH2x/BACxTOFxAC1xM2D1,-,-,TOFxWC,-,-,BH1,-,-
70143,2023/06/19 23:45:17,2023/06/19 23:47:13,0:01:56,TOF timing check (spill structure is checked during this run),3263,ON,65353956,,,,,,,,,,,-1.814801664512,30.084066022447793,47.85065483187077,-721.0,-4800.0,-860.0,2500.0,2500.0,2362.0,1453.0,250.0,250.0,250.0,250.0,-1.513384,1.419128333333333,ALL,BH1xBH2x/BACxTOFx/AC1xM2D1,-,-,BH1xBH2,-,-,BH1xBH2xTOFxM2D1,1,ON,BH1xBH2x/BACxTOFxAC1xM2D1,-,-,TOFxWC,-,-,BH1,-,-
70144,2023/06/19 23:47:27,2023/06/19 23:49:43,0:02:16,TOF timing check (spill structure is checked during this run),6895,ON,138288768,,,,,,,,,,,-1.814804962224,30.12357596044892,46.545644809368355,-721.0,-4800.0,-860.0,2500.0,2500.0,2362.0,1453.0,250.0,250.0,250.0,250.0,-1.51338675,1.4191242499999999,ALL,BH1xBH2x/BACxTOFx/AC1xM2D1,-,-,BH1xBH2,-,-,BH1xBH2xTOF,1,ON,BH1xBH2x/BACxTOFxAC1xM2D1,-,-,TOFxWC,-,-,BH1,-,-
70145,2023/06/19 23:49:58,2023/06/19 23:57:05,0:07:07,TOF timing check (spill structure is checked during this run),221775,ON,5199650644,,,,,,,,,,,-1.8148080886262858,30.09731816302882,47.063129314668835,-721.0,-4800.0,-860.0,2500.0,2500.0,2362.0,1453.0,250.0,250.0,250.0,250.0,-1.5133893571428572,1.4191242727272728,ALL,BH1xBH2x/BACxTOFx/AC1xM2D1,-,-,BH1xBH2,200,ON,BH1xBH2xTOF,-,-,BH1xBH2x/BACxTOFxAC1xM2D1,-,-,TOFxWC,-,-,BH1,-,-
70146,2023/06/19 23:58:30,2023/06/19 23:59:34,0:01:04,pedestal run on/off beam,50639,ON,1049522864,,,,,,,,,,,-1.814808259936,30.031989411149716,46.00150990477211,-721.0,-4800.0,-860.0,2500.0,2500.0,2362.0,1453.0,250.0,250.0,250.0,250.0,-1.5133895000000002,1.419127,ALL,BH1xBH2x/BACxTOFx/AC1xM2D1,-,-,BH1xBH2,-,-,BH1xBH2xTOF,-,-,BH1xBH2x/BACxTOFxAC1xM2D1,-,-,TOFxWC,-,-,BH1,-,-
70147,2023/06/19 23:59:47,2023/06/20 00:03:49,0:04:02,pedestal run off beam,105647,ON,2126280464,,,,,,,,,,,-1.814803463264,30.097351160754155,46.86472885255607,-721.0,-4800.0,-860.0,2500.0,2500.0,2362.0,1453.0,250.0,250.0,250.0,250.0,-1.5133855,1.4191205,ALL,BH1xBH2x/BACxTOFx/AC1xM2D1,-,-,BH1xBH2,-,-,BH1xBH2xTOF,-,-,BH1xBH2x/BACxTOFxAC1xM2D1,-,-,TOFxWC,-,-,BH1,-,-
70148,2023/06/20 00:03:59,2023/06/20 00:07:24,0:03:25,pedestal run on beam,37915,ON,808031840,,,,,,,,,,,-1.814805262016,30.048385669972827,39.61111066542742,-721.0,-4800.0,-860.0,2500.0,2500.0,2362.0,1453.0,250.0,250.0,250.0,250.0,-1.513387,1.4191219999999998,ALL,BH1xBH2x/BACxTOFx/AC1xM2D1,-,-,BH1xBH2,-,-,BH1xBH2xTOF,-,-,BH1xBH2x/BACxTOFxAC1xM2D1,-,-,TOFxWC,-,-,BH1,-,-
70149,2023/06/20 00:35:37,2023/06/20 00:42:14,0:06:37,Beam trig.,108102,ON,2821101676,,,,,,,,,,,-1.814811534587077,30.11901478586217,46.233262543255506,-721.0,-4800.0,-860.0,2500.0,2500.0,2362.0,1453.0,250.0,250.0,250.0,250.0,-1.5133922307692307,1.4191164545454544,ALL,BH1xBH2x/BACxTOFx/AC1xM2D1,-,-,BH1xBH2,250,ON,BH1xBH2xTOF,-,-,BH1xBH2x/BACxTOFxAC1xM2D1,-,-,TOFxWC,-,-,BH1,-,-
70150,2023/06/20 00:42:20,2023/06/20 00:43:54,0:01:34,Beam trig.,2943,ON,77250784,,,,,,,,,,,-1.814816054528,30.10395515438031,46.33258883088479,-721.0,-4800.0,-860.0,2500.0,2500.0,2362.0,1453.0,250.0,250.0,250.0,250.0,-1.513396,1.41911875,ALL,BH1xBH2x/BACxTOFx/AC1xM2D1,-,-,BH1xBH2,250,ON,BH1xBH2xTOF,-,-,BH1xBH2x/BACxTOFxAC1xM2D1,-,-,TOFxWC,-,-,BH1,-,-
70151,2023/06/20 00:44:02,2023/06/20 00:47:14,0:03:12,Beam trig.,64885,ON,1709613040,,,,,,,,,,,-1.8148080600746666,30.091939301131504,46.659491584942536,-721.0,-4800.0,-860.0,2500.0,2500.0,2362.0,1453.0,250.0,250.0,250.0,250.0,-1.5133893333333333,1.4191146666666665,ALL,BH1xBH2x/BACxTOFx/AC1xM2D1,-,-,BH1xBH2,250,ON,BH1xBH2xTOF,-,-,BH1xBH2x/BACxTOFxAC1xM2D1,-,-,TOFxWC,-,-,BH1,-,-
70152,2023/06/20 00:47:18,2023/06/20 00:48:35,0:01:17,Beam trig.,0,ON,0,,,,,,,,,,,-1.8148256478720002,30.113920285760415,46.633581088049226,-721.0,-4800.0,-860.0,2500.0,2500.0,2362.0,1453.0,250.0,250.0,250.0,250.0,-1.5134040000000002,1.419111,ALL,BH1xBH2x/BACxTOFx/AC1xM2D1,-,-,BH1xBH2,250,ON,BH1xBH2xTOF,-,-,BH1xBH2x/BACxTOFxAC1xM2D1,-,-,TOFxWC,-,-,BH1,-,-
70153,2023/06/20 00:48:49,2023/06/20 00:53:26,0:04:37,Beam trig.,135280,ON,3572008672,,,,,,,,,,,-1.8148210910336,30.10272991837271,46.18276476789643,-721.0,-4800.0,-860.0,2500.0,2500.0,2362.0,1453.0,250.0,250.0,250.0,250.0,-1.5134002,1.419115,ALL,BH1xBH2x/BACxTOFx/AC1xM2D1,-,-,BH1xBH2,250,ON,BH1xBH2xTOF,-,-,BH1xBH2x/BACxTOFxAC1xM2D1,-,-,TOFxWC,-,-,BH1,-,-
70154,2023/06/20 00:54:28,2023/06/20 00:56:19,0:01:51,Beam trig.,9762,ON,257955140,,,,,,,,,,,-1.8148188525866666,30.12661681116491,41.14595068870265,-721.0,-4800.0,-860.0,2500.0,2500.0,2362.0,1453.0,250.0,250.0,250.0,250.0,-1.5133983333333332,1.419114,ALL,BH1xBH2x/BACxTOFx/AC1xM2D1,-,-,BH1xBH2,250,ON,BH1xBH2xTOF,-,-,BH1xBH2x/BACxTOFxAC1xM2D1,-,-,TOFxWC,-,-,BH1,-,-
70155,2023/06/20 01:11:04,2023/06/20 01:12:33,0:01:29,daq test trig: clock,62536,ON,1258367988,,,,,,,,,,,-1.8148120573013333,30.17532467923139,37.33178565719223,0.0,-4800.0,-860.0,2500.0,2500.0,2362.0,0.0,250.0,250.0,250.0,250.0,-1.5133926666666666,1.4191179999999999,ALL,BH1xBH2x/BACxTOFx/AC1xM2D1,-,-,BH1xBH2,-,-,BH1xBH2xTOF,-,-,BH1xBH2x/BACxTOFxAC1xM2D1,-,-,TOFxWC,-,-,BH1,-,-
70156,2023/06/20 01:13:41,2023/06/20 01:18:31,0:04:50,daq test trig: clock,79082,ON,1591458112,,,,,,,,,,,-1.8148002255104,30.175324679231387,37.33178565719222,0.0,-4800.0,-860.0,2500.0,2500.0,2362.0,0.0,250.0,250.0,250.0,250.0,-1.5133828,1.41911425,ALL,BH1xBH2x/BACxTOFx/AC1xM2D1,-,-,BH1xBH2,-,-,BH1xBH2xTOF,-,-,BH1xBH2x/BACxTOFxAC1xM2D1,-,-,TOFxWC,-,-,BH1,-,-
70157,2023/06/20 01:20:13,2023/06/20 01:29:55,0:09:42,daq test trig: clock,52137,ON,1049006552,,,,,,,,,,,-0.4558999300736001,30.175324679231387,37.33178565719222,0.0,-1200.0,-215.0,2500.0,2500.0,2362.0,0.0,250.0,250.0,250.0,250.0,-0.38018019999999997,1.4191094444444445,ALL,BH1xBH2x/BACxTOFx/AC1xM2D1,-,-,BH1xBH2,-,-,BH1xBH2xTOF,-,-,BH1xBH2x/BACxTOFxAC1xM2D1,-,-,TOFxWC,-,-,BH1,-,-
70158,2023/06/20 01:30:08,2023/06/20 01:36:33,0:06:25,daq test trig: clock,299905,ON,6035145180,,,,,,,,,,,-0.0031302896984615382,30.175324679231384,37.33178565719221,0.0,0.0,0.0,2500.0,2500.0,2362.0,0.0,250.0,250.0,250.0,250.0,-0.0026103846153846155,1.4191069090909092,ALL,BH1xBH2x/BACxTOFx/AC1xM2D1,-,-,BH1xBH2,-,-,BH1xBH2xTOF,-,-,BH1xBH2x/BACxTOFxAC1xM2D1,-,-,TOFxWC,-,-,BH1,-,-
70159,2023/06/20 01:38:13,2023/06/20 01:38:45,0:00:32,daq test trig: clock,1,ON,19716,,,,,,,,,,,-0.003107044288,30.175324679231387,37.33178565719223,0.0,0.0,0.0,2500.0,2500.0,2362.0,0.0,250.0,250.0,250.0,250.0,-0.002591,0.0,ALL,BH1xBH2x/BACxTOFx/AC1xM2D1,-,-,BH1xBH2,-,-,BH1xBH2xTOF,-,-,BH1xBH2x/BACxTOFxAC1xM2D1,-,-,TOFxWC,-,-,BH1,-,-
70160,2023/06/20 01:40:47,2023/06/20 02:40:05,0:59:18,daq test trig: clock,2829002,ON,56916704200,,,,,,,,,,,-1.665283946592269,30.175324679231384,37.331785657192206,0.0,-4436.9747899159665,-794.9579831932773,2500.0,2500.0,2362.0,0.0,250.0,250.0,250.0,250.0,-1.3886994537815123,1.4191001170212765,ALL,BH1xBH2x/BACxTOFx/AC1xM2D1,-,-,BH1xBH2,-,-,BH1xBH2xTOF,-,-,BH1xBH2x/BACxTOFxAC1xM2D1,-,-,TOFxWC,-,-,BH1,-,-
70161,2023/06/20 02:40:24,2023/06/20 03:24:02,0:43:38,daq test trig: clock,2077313,ON,41792998468,,,,,,,,,,,-1.8150450818324604,30.159459914014995,27.89156399675281,0.0,-4800.0,-860.0,2500.0,2500.0,2362.0,0.0,250.0,250.0,250.0,250.0,-1.513586988505747,1.4190938219178082,ALL,BH1xBH2x/BACxTOFx/AC1xM2D1,-,-,BH1xBH2,-,-,BH1xBH2xTOF,-,-,BH1xBH2x/BACxTOFxAC1xM2D1,-,-,TOFxWC,-,-,BH1,-,-
70162,2023/06/20 03:52:51,2023/06/20 04:10:22,0:17:31,beam check,251670,ON,6545945796,,,,,,,,,,,-1.8150275535012572,30.124640398368125,47.155535223521184,-721.0,-4800.0,-860.0,2500.0,2500.0,2362.0,1453.0,250.0,250.0,250.0,250.0,-1.5135723714285714,1.4190817241379305,ALL,BH1xBH2x/BACxTOFx/AC1xM2D1,-,-,BH1xBH2,250,ON,BH1xBH2xTOF,-,-,BH1xBH2x/BACxTOFxAC1xM2D1,-,-,TOFxWC,-,-,BH1,-,-
70163,2023/06/20 04:10:31,2023/06/20 04:24:41,0:14:10,Beam trig.,306139,ON,8016442504,,,,,,,,,,,-1.815024324313143,30.05898204819406,46.39120708315456,-721.0,-4800.0,-860.0,2500.0,2500.0,2362.0,1453.0,250.0,250.0,250.0,250.0,-1.5135696785714288,1.4190786363636363,ALL,BH1xBH2x/BACxTOFx/AC1xM2D1,-,-,BH1xBH2,250,ON,BH1xBH2xTOF,-,-,BH1xBH2x/BACxTOFxAC1xM2D1,-,-,TOFxWC,-,-,BH1,-,-
70164,2023/06/20 04:26:59,2023/06/20 04:31:22,0:04:23,SDC1 study,127809,ON,3351733732,,,,,,,,,,,-1.8150187139200002,30.112551173870678,46.42614521785452,-721.0,-4800.0,-860.0,2500.0,2500.0,2362.0,1453.0,250.0,250.0,250.0,250.0,-1.5135649999999998,1.4190758571428572,ALL,BH1xBH2x/BACxTOFx/AC1xM2D1,-,-,BH1xBH2,250,ON,BH1xBH2xTOF,-,-,BH1xBH2x/BACxTOFxAC1xM2D1,-,-,TOFxWC,-,-,BH1,-,-
70165,2023/06/20 04:32:12,2023/06/20 04:41:26,0:09:14,BeamxTOF trig.,37865,ON,1046060040,,,,,,,,,,,-1.8150173254096846,30.146330858928792,44.9707374556446,-721.0,-4800.0,-860.0,2500.0,2500.0,2362.0,1453.0,250.0,250.0,250.0,250.0,-1.5135638421052633,1.4190756666666664,ALL,BH1xBH2x/BACxTOFx/AC1xM2D1,-,-,BH1xBH2,-,-,BH1xBH2xTOF,1,ON,BH1xBH2x/BACxTOFxAC1xM2D1,-,-,TOFxWC,-,-,BH1,-,-
70166,2023/06/20 05:15:05,2023/06/20 05:19:32,0:04:27,BeamxTOFxAC1 trig. to check WC,11958,ON,331582432,,,,,,,,,,,-1.8150169817884445,30.10288895421481,46.98270855745291,-721.0,-4800.0,-860.0,2500.0,2500.0,2362.0,1453.0,250.0,250.0,250.0,250.0,-1.5135635555555556,1.4190681666666667,ALL,BH1xBH2x/BACxTOFx/AC1xM2D1,-,-,BH1xBH2,-,-,BH1xBH2xTOFxAC1,1,ON,BH1xBH2x/BACxTOFxAC1xM2D1,-,-,TOFxWC,-,-,BH1,-,-
70167,2023/06/20 05:19:57,2023/06/20 05:29:37,0:09:40,BeamxTOF trig.,120697,ON,3333929260,,,,,,,,,,,-1.8150123393953685,30.123264164078694,46.26871241175758,-721.0,-4800.0,-860.0,2500.0,2500.0,2362.0,1453.0,250.0,250.0,250.0,250.0,-1.5135596842105261,1.419068846153846,ALL,BH1xBH2x/BACxTOFx/AC1xM2D1,-,-,BH1xBH2,-,-,BH1xBH2xTOF,1,ON,BH1xBH2x/BACxTOFxAC1xM2D1,-,-,TOFxWC,-,-,BH1,-,-
70168,2023/06/20 05:35:05,2023/06/20 05:47:47,0:12:42,Beam check,414838,ON,8689384332,,,,,,,,,,,-1.81499703296256,30.092943645566493,46.5212778849791,-721.0,-4800.0,-860.0,2500.0,2500.0,2362.0,1453.0,250.0,250.0,250.0,250.0,-1.51354692,1.41906565,ALL,BH1xBH2x/BACxTOFx/AC1xM2D1,-,-,BH1xBH2,100,ON,BH1xBH2xTOF,-,-,BH1xBH2x/BACxTOFxAC1xM2D1,-,-,TOFxWC,-,-,BH1,-,-
70169,2023/06/20 05:48:22,2023/06/20 05:51:57,0:03:35,AFT Calib. HV scan orig+0 (pi-beam:300k/spill),108364,ON,2721709060,,,,,,,,,,,-1.8149926320160001,30.094046209573666,46.17336631491561,-721.0,-4800.0,-860.0,2500.0,2500.0,2362.0,1453.0,250.0,250.0,250.0,250.0,-1.5135432500000001,1.4190645999999998,ALL,BH1xBH2x/BACxTOFx/AC1xM2D1,-,-,BH1xBH2,100,ON,BH1xBH2xTOF,-,-,BH1xBH2x/BACxTOFxAC1xM2D1,-,-,TOFxWC,-,-,BH1,-,-
70170,2023/06/20 05:53:03,2023/06/20 05:57:25,0:04:22,beam check,87596,ON,2146822296,,,,,,,,,,,-1.814996529312,30.09867509908617,46.37564403084383,-721.0,-4800.0,-860.0,2500.0,2500.0,2362.0,1453.0,250.0,250.0,250.0,250.0,-1.5135465,1.4190644285714282,ALL,BH1xBH2x/BACxTOFx/AC1xM2D1,-,-,BH1xBH2,15,ON,BH1xBH2xTOF,-,-,BH1xBH2x/BACxTOFxAC1xM2D1,-,-,TOFxWC,-,-,BH1,-,-
70171,2023/06/20 05:57:37,2023/06/20 06:02:05,0:04:28,AFT Calib. HV scan orig+0 (pi-beam:38k/spill),52804,ON,1275750684,,,,,,,,,,,-1.8149949970417778,30.09522262982122,39.93119933062106,-721.0,-4800.0,-860.0,2500.0,2500.0,2362.0,1453.0,250.0,250.0,250.0,250.0,-1.5135452222222223,1.419063125,ALL,BH1xBH2x/BACxTOFx/AC1xM2D1,-,-,BH1xBH2,15,ON,BH1xBH2xTOF,-,-,BH1xBH2x/BACxTOFxAC1xM2D1,-,-,TOFxWC,-,-,BH1,-,-
70172,2023/06/20 06:06:59,2023/06/20 06:12:09,0:05:10,AFT Calib. HV scan orig-0.3V (pi-beam:38k/spill),145320,ON,3402786680,,,,,,,,,,,-1.8149893343040002,30.093474747708303,46.164120473866866,-721.0,-4800.0,-860.0,2500.0,2500.0,2362.0,1453.0,250.0,250.0,250.0,250.0,-1.5135405000000002,1.4190615999999998,ALL,BH1xBH2x/BACxTOFx/AC1xM2D1,-,-,BH1xBH2,15,ON,BH1xBH2xTOF,-,-,BH1xBH2x/BACxTOFxAC1xM2D1,-,-,TOFxWC,-,-,BH1,-,-
70173,2023/06/20 06:13:36,2023/06/20 06:17:05,0:03:29,AFT Calib. HV scan orig-0.03V (pi-beam:38k/spill),97257,ON,2340073784,,,,,,,,,,,-1.814985651145143,30.14224831485124,46.91528750509723,-721.0,-4800.0,-860.0,2500.0,2500.0,2362.0,1453.0,250.0,250.0,250.0,250.0,-1.5135374285714285,1.4190646666666666,ALL,BH1xBH2x/BACxTOFx/AC1xM2D1,-,-,BH1xBH2,15,ON,BH1xBH2xTOF,-,-,BH1xBH2x/BACxTOFxAC1xM2D1,-,-,TOFxWC,-,-,BH1,-,-
70174,2023/06/20 06:17:42,2023/06/20 06:24:53,0:07:11,beam check,250136,ON,5273665432,,,,,,,,,,,-1.8149873642422858,30.11662478010326,46.48069442692832,-721.0,-4800.0,-860.0,2500.0,2500.0,2362.0,1453.0,250.0,250.0,250.0,250.0,-1.5135388571428572,1.4190612307692305,ALL,BH1xBH2x/BACxTOFx/AC1xM2D1,-,-,BH1xBH2,500,ON,BH1xBH2xTOF,-,-,BH1xBH2x/BACxTOFxAC1xM2D1,-,-,TOFxWC,-,-,BH1,-,-
70175,2023/06/20 06:25:10,2023/06/20 06:34:32,0:09:22,AFT Calib. HV scan orig+0V (pi-beam:1.5M/spill),289128,ON,7924226692,,,,,,,,,,,-1.8149790151477894,30.09385818886949,46.442482992435934,-721.0,-4800.0,-860.0,2500.0,2500.0,2362.0,1453.0,250.0,250.0,250.0,250.0,-1.5135318947368421,1.4190591538461534,ALL,BH1xBH2x/BACxTOFx/AC1xM2D1,-,-,BH1xBH2,500,ON,BH1xBH2xTOF,-,-,BH1xBH2x/BACxTOFxAC1xM2D1,-,-,TOFxWC,-,-,BH1,-,-
70176,2023/06/20 06:37:10,2023/06/20 06:44:54,0:07:44,AFT Calib. HV scan orig-0.3V (pi-beam:1.5M/spill),243970,ON,6695951340,,,,,,,,,,,-1.8149732254805335,30.100047073599708,46.731620167626566,-721.0,-4800.0,-860.0,2500.0,2500.0,2362.0,1453.0,250.0,250.0,250.0,250.0,-1.513527066666667,1.4190573333333332,ALL,BH1xBH2x/BACxTOFx/AC1xM2D1,-,-,BH1xBH2,500,ON,BH1xBH2xTOF,-,-,BH1xBH2x/BACxTOFxAC1xM2D1,-,-,TOFxWC,-,-,BH1,-,-
70177,2023/06/20 06:46:31,2023/06/20 06:50:24,0:03:53,beam check,132669,ON,2932001820,,,,,,,,,,,-1.8149690341028573,30.09979043852506,46.801082338256684,-721.0,-4800.0,-860.0,2500.0,2500.0,2362.0,1453.0,250.0,250.0,250.0,250.0,-1.5135235714285713,1.4190571666666667,ALL,BH1xBH2x/BACxTOFx/AC1xM2D1,-,-,BH1xBH2,300,ON,BH1xBH2xTOF,-,-,BH1xBH2x/BACxTOFxAC1xM2D1,-,-,TOFxWC,-,-,BH1,-,-
70178,2023/06/20 06:50:38,2023/06/20 06:55:49,0:05:11,AFT Calib. HV scan orig+0V (pi-beam:1M/spill),84458,ON,2299575420,,,,,,,,,,,-1.8149701476159996,30.057456327289163,45.018511985062716,-721.0,-4800.0,-860.0,2500.0,2500.0,2362.0,1453.0,250.0,250.0,250.0,250.0,-1.5135245000000002,1.4190563749999998,ALL,BH1xBH2x/BACxTOFx/AC1xM2D1,-,-,BH1xBH2,300,ON,BH1xBH2xTOF,-,-,BH1xBH2x/BACxTOFxAC1xM2D1,-,-,TOFxWC,-,-,BH1,-,-
70179,2023/06/20 06:57:11,2023/06/20 07:02:45,0:05:34,AFT Calib. HV scan orig-0.3V (pi-beam:1M/spill),190113,ON,5006209184,,,,,,,,,,,-1.8149581014283636,30.10231550919823,46.44192155206668,-721.0,-4800.0,-860.0,2500.0,2500.0,2362.0,1453.0,250.0,250.0,250.0,250.0,-1.5135144545454546,1.4190557777777775,ALL,BH1xBH2x/BACxTOFx/AC1xM2D1,-,-,BH1xBH2,300,ON,BH1xBH2xTOF,-,-,BH1xBH2x/BACxTOFxAC1xM2D1,-,-,TOFxWC,-,-,BH1,-,-
70180,2023/06/20 07:03:35,2023/06/20 07:12:07,0:08:32,beam check,189297,ON,4593632824,,,,,,,,,,,-1.8142945575265883,30.10504928078053,46.01217529830426,-721.0,-4800.0,-857.6470588235294,2500.0,2500.0,2362.0,1453.0,250.0,250.0,250.0,250.0,-1.5129611176470588,1.4190535833333333,ALL,BH1xBH2x/BACxTOFx/AC1xM2D1,-,-,BH1xBH2,300,ON,BH1xBH2xTOF,-,-,BH1xBH2x/BACxTOFxAC1xM2D1,-,-,TOFxWC,-,-,BH1,-,-
70181,2023/06/20 07:12:59,2023/06/20 07:32:39,0:19:40,AFT Calib. defocus X:orig. Y:-0.3V (pi-beam:750k/spill),512397,ON,12631024972,,,,,,,,,,,-1.8147023488032823,30.103712235525254,46.485447864332,-721.0,-4800.0,-860.0,2500.0,2500.0,2362.0,1453.0,250.0,250.0,250.0,250.0,-1.5133011794871793,1.4190509677419356,ALL,BH1xBH2x/BACxTOFx/AC1xM2D1,-,-,BH1xBH2,280,ON,BH1xBH2xTOF,-,-,BH1xBH2x/BACxTOFxAC1xM2D1,-,-,TOFxWC,-,-,BH1,-,-
70182,2023/06/20 07:33:47,2023/06/20 07:44:36,0:10:49,K-beam check,131623,ON,3153070456,,,,,,,,,,,-1.8147029511825457,30.120048475579708,46.4596936720944,-721.0,-4800.0,-860.0,2500.0,2500.0,2362.0,1453.0,250.0,250.0,250.0,250.0,-1.5133016818181821,1.4190489999999998,ALL,BH1xBH2x/BAC,80,ON,BH1xBH2,-,-,BH1xBH2xTOF,-,-,BH1xBH2x/BACxTOFxAC1xM2D1,-,-,TOFxWC,-,-,BH1,-,-
70183,2023/06/20 07:45:09,2023/06/20 08:01:14,0:16:05,AFT Calib. defocus X:orig. Y:-0.3V (K:220. pi:530k/spill),383942,ON,9326239536,375553.0,112823.0,263278.0,106657096,32041693,74770963,284,1.0,106657096.0,1.0,-1.814696737312,30.117369961034655,43.89635164255712,-721.0,-4800.0,-860.0,2500.0,2500.0,2362.0,1453.0,250.0,250.0,250.0,250.0,-1.5132964999999998,1.4190472399999998,ALL,BH1xBH2x/BAC,80,ON,BH1xBH2,-,-,BH1xBH2xTOF,-,-,BH1xBH2x/BACxTOFxAC1xM2D1,-,-,TOFxWC,-,-,BH1,-,-
70184,2023/06/20 08:01:34,2023/06/20 08:06:13,0:04:39,pedestal run,216513,ON,4351219040,,,,,,,,,,,-1.8146944055964447,30.160248758887462,45.76823250838976,0.0,-4800.0,-860.0,2500.0,2500.0,2362.0,0.0,250.0,250.0,250.0,250.0,-1.5132945555555557,1.419042375,ALL,BH1xBH2x/BACxTOFx/AC1xM2D1,-,-,BH1xBH2,-,-,BH1xBH2xTOF,-,-,BH1xBH2x/BACxTOFxAC1xM2D1,-,-,TOFxWC,-,-,BH1,-,-
70185,2023/06/20 09:16:42,2023/06/20 09:51:14,0:34:32,daq test,,OFF,,,,,,,,,,,,-0.0031038638859130436,49.100522902256444,29.086730588785613,0.0,0.0,0.0,0.0,0.0,0.0,0.0,0.0,0.0,0.0,0.0,-0.002588347826086957,0.0,ALL,BH1xBH2x/BACxTOFx/AC1xM2D1,-,-,BH1xBH2,-,-,BH1xBH2xTOF,-,-,BH1xBH2x/BACxTOFxAC1xM2D1,-,-,TOF,1,ON,BH1,-,-
70186,2023/06/20 17:38:23,2023/06/20 17:38:49,0:00:26,Ge check after 3-1 3-2 tfa to 973U,,OFF,,,,,,,,,,,,-0.0030854592640000003,49.75824151602298,48.01712191055045,-369.0,0.0,0.0,0.0,0.0,0.0,0.0,200.0,200.0,0.0,0.0,-0.002573,0.0,ALL,BH1xBH2x/BACxTOFx/AC1xM2D1,-,-,BH1xBH2,-,-,BH1xBH2xTOF,-,-,BH1xBH2x/BACxTOFxAC1xM2D1,-,-,TOF,1,ON,BH1,-,-
70187,2023/06/20 17:39:38,2023/06/20 17:43:55,0:04:17,Ge check after 3-1 3-2 tfa to 973U,,OFF,,,,,,,,,,,,-0.00308635864,49.75225236139332,48.37762632070739,-369.0,0.0,0.0,0.0,0.0,0.0,0.0,200.0,200.0,0.0,0.0,-0.00257375,0.0,ALL,BH1xBH2x/BACxTOFx/AC1xM2D1,-,-,BH1xBH2,-,-,BH1xBH2xTOF,-,-,BH1xBH2x/BACxTOFxAC1xM2D1,-,-,TOF,1,ON,BH1,-,-
70188,2023/06/20 17:46:27,2023/06/20 17:50:47,0:04:20,Ge check after 3-1 3-2 tfa to 973U,,OFF,,,,,,,,,,,,-0.003086525191111111,49.8191227548937,49.07464541018764,-369.0,0.0,0.0,0.0,0.0,0.0,0.0,200.0,200.0,0.0,0.0,-0.0025738888888888894,0.0,ALL,BH1xBH2x/BACxTOFx/AC1xM2D1,-,-,BH1xBH2,-,-,BH1xBH2xTOF,-,-,BH1xBH2x/BACxTOFxAC1xM2D1,-,-,TOF,1,ON,BH1,-,-
70189,2023/06/20 17:53:26,2023/06/20 17:54:55,0:01:29,Todays Ge chack data (60Co. NaIxGe + LSOxGe),,OFF,,,,,,,,,,,,-0.0030858589866666667,49.905382068348956,49.967581197612695,-369.0,0.0,0.0,0.0,0.0,0.0,0.0,200.0,200.0,0.0,0.0,-0.0025733333333333333,0.0,ALL,BH1xBH2x/BACxTOFx/AC1xM2D1,-,-,BH1xBH2,-,-,BH1xBH2xTOF,-,-,BH1xBH2x/BACxTOFxAC1xM2D1,-,-,TOF,1,ON,BH1,-,-
70190,2023/06/20 17:56:46,2023/06/20 18:06:17,0:09:31,Ge check,,OFF,,,,,,,,,,,,-0.003086027290947368,49.828098425842946,49.67816831017319,-387.5263157894737,0.0,0.0,0.0,0.0,0.0,152.94736842105263,200.0,200.0,0.0,0.0,-0.0025734736842105265,0.0,ALL,BH1xBH2x/BACxTOFx/AC1xM2D1,-,-,BH1xBH2,-,-,BH1xBH2xTOF,-,-,BH1xBH2x/BACxTOFxAC1xM2D1,-,-,TOF,1,ON,BH1,-,-
70191,2023/06/20 18:06:35,2023/06/20 18:08:47,0:02:12,Ge check,,OFF,,,,,,,,,,,,-0.00308485968,49.82557442405152,48.70237211463142,-721.0,0.0,0.0,0.0,0.0,0.0,1453.0,200.0,200.0,0.0,0.0,-0.0025725,0.0,ALL,BH1xBH2x/BACxTOFx/AC1xM2D1,-,-,BH1xBH2,-,-,BH1xBH2xTOF,-,-,BH1xBH2x/BACxTOFxAC1xM2D1,-,-,TOF,1,ON,BH1,-,-
70192,2023/06/20 18:09:50,2023/06/20 18:10:27,0:00:37,Ge check,,OFF,,,,,,,,,,,,-0.003079463424,49.82557442405152,48.70237211463142,-721.0,0.0,0.0,0.0,0.0,0.0,1453.0,200.0,200.0,0.0,0.0,-0.002568,0.0,ALL,BH1xBH2x/BACxTOFx/AC1xM2D1,-,-,BH1xBH2,-,-,BH1xBH2xTOF,-,-,BH1xBH2x/BACxTOFxAC1xM2D1,-,-,TOF,1,ON,BH1,-,-
70193,2023/06/20 18:14:29,2023/06/20 18:24:22,0:09:53,Todays Ge check data (60Co. NaixGe + LSOxGe),,OFF,,,,,,,,,,,,-0.0030830609279999996,49.85721177922559,44.46340794857673,-468.65,0.0,0.0,0.0,0.0,0.0,871.8,200.0,200.0,0.0,0.0,-0.002571,0.0,ALL,BH1xBH2x/BACxTOFx/AC1xM2D1,-,-,BH1xBH2,-,-,BH1xBH2xTOF,-,-,BH1xBH2x/BACxTOFxAC1xM2D1,-,-,TOF,1,ON,BH1,-,-
70194,2023/06/20 18:25:07,2023/06/20 18:35:06,0:09:59,Todays Ge check data (no source. NaixGe + LSOxGe),,OFF,,,,,,,,,,,,-0.0030822215104000005,49.775229445814134,48.57881892013286,-504.7,0.0,0.0,0.0,0.0,0.0,944.45,200.0,200.0,0.0,0.0,-0.0025703,0.0,ALL,BH1xBH2x/BACxTOFx/AC1xM2D1,-,-,BH1xBH2,-,-,BH1xBH2xTOF,-,-,BH1xBH2x/BACxTOFxAC1xM2D1,-,-,TOF,1,ON,BH1,-,-
70195,2023/06/20 19:10:21,2023/06/20 20:57:22,1:47:01,daq test,,OFF,,,,,,,,,,,,-0.0030766336116635515,49.76790701137788,45.09251737984565,-535.981308411215,0.0,0.0,0.0,0.0,0.0,1385.1028037383178,200.0,200.0,0.0,0.0,-0.002565640186915887,0.0,ALL,BH1xBH2x/BACxTOFx/AC1xM2D1,-,-,BH1xBH2,-,-,BH1xBH2xTOF,-,-,BH1xBH2x/BACxTOFxAC1xM2D1,-,-,TOFxWC,-,-,BH1,-,-
70196,2023/06/20 20:57:35,2023/06/20 21:07:41,0:10:06,ge test,105326,ON,3354486020,,,,,,,,,,,-0.0030755061696000003,49.75927951940536,47.458129318124605,-369.0,0.0,0.0,0.0,0.0,0.0,1453.0,200.0,200.0,0.0,0.0,-0.0025647000000000005,0.0,ALL,BH1xBH2x/BACxTOFx/AC1xM2D1,-,-,BH1xBH2,-,-,BH1xBH2xTOF,-,-,BH1xBH2x/BACxTOFxAC1xM2D1,-,-,TOFxWC,-,-,BH1,-,-
70197,2023/06/20 21:08:23,2023/06/20 21:10:32,0:02:09,ge test,96558,ON,3076924392,,,,,,,,,,,-0.003073767376,49.809549640579164,48.63940289152728,-369.0,0.0,0.0,0.0,0.0,0.0,1453.0,200.0,200.0,0.0,0.0,-0.00256325,0.0,ALL,BH1xBH2x/BACxTOFx/AC1xM2D1,-,-,BH1xBH2,-,-,BH1xBH2xTOF,-,-,BH1xBH2x/BACxTOFxAC1xM2D1,-,-,TOFxWC,-,-,BH1,-,-
70198,2023/06/20 21:16:18,2023/06/20 21:17:54,0:01:36,BAC test,60023,ON,1912989972,,,,,,,,,,,-0.00307586592,49.732226327517736,49.56239616140508,-369.0,0.0,0.0,0.0,0.0,0.0,1453.0,200.0,200.0,0.0,0.0,-0.002565,0.0,ALL,BH1xBH2x/BACxTOFx/AC1xM2D1,-,-,BH1xBH2,-,-,BH1xBH2xTOF,-,-,BH1xBH2x/BACxTOFxAC1xM2D1,-,-,TOFxWC,-,-,BH1,-,-
70199,2023/06/20 21:24:20,2023/06/20 21:49:14,0:24:54,clock ge test,1178720,ON,37885956292,,,,,,,,,,,-0.0030757460031999996,49.74159038955921,48.73572469556784,-369.0,0.0,0.0,0.0,0.0,0.0,1017.1,200.0,200.0,0.0,0.0,-0.0025649000000000006,0.0,ALL,BH1xBH2x/BACxTOFx/AC1xM2D1,-,-,BH1xBH2,-,-,BH1xBH2xTOF,-,-,BH1xBH2x/BACxTOFxAC1xM2D1,-,-,TOFxWC,-,-,BH1,-,-
70200,2023/06/20 21:58:21,2023/06/20 22:25:34,0:27:13,clock ge no LSO test,1293072,ON,31313950588,,,,,,,,,,,-0.0030758659200000003,49.75702819687754,48.436455505051796,-369.0,0.0,0.0,0.0,0.0,0.0,1453.0,200.0,200.0,0.0,0.0,-0.002565000000000001,0.0,ALL,BH1xBH2x/BACxTOFx/AC1xM2D1,-,-,BH1xBH2,-,-,BH1xBH2xTOF,-,-,BH1xBH2x/BACxTOFxAC1xM2D1,-,-,TOFxWC,-,-,BH1,-,-
70201,2023/06/20 22:30:29,2023/06/20 23:37:09,1:06:40,Ge OR no LSO test,3179968,ON,70897562516,,,,,,,,,,,-0.0030718209652537314,49.76812107095811,48.3882074958318,-371.6268656716418,0.0,0.0,0.0,0.0,0.0,1040.955223880597,200.0,200.0,0.0,0.0,-0.0025616268656716424,0.0,ALL,BH1xBH2x/BACxTOFx/AC1xM2D1,-,-,BH1xBH2,-,-,BH1xBH2xTOF,-,-,BH1xBH2x/BACxTOFxAC1xM2D1,-,-,TOFxWC,-,-,BH1,-,-
70202,2023/06/20 23:55:21,2023/06/20 23:55:49,0:00:28,Ge LSO scaler test,15114,ON,303930136,,,,,,,,,,,-0.003067471744,49.685944283712054,49.19381735909535,0.0,0.0,0.0,0.0,0.0,0.0,0.0,200.0,200.0,0.0,0.0,-0.002558,0.0,ALL,BH1xBH2x/BACxTOFx/AC1xM2D1,-,-,BH1xBH2,-,-,BH1xBH2xTOF,-,-,BH1xBH2x/BACxTOFxAC1xM2D1,-,-,TOFxWC,-,-,BH1,-,-
70203,2023/06/21 03:10:57,2023/06/21 03:39:19,0:28:22,beam check,111,ON,2229152,,,,,,,,,,,1.435978728890386,49.72264842056138,46.89631913913512,404.7543859649123,4715.789473684211,192.01754385964912,1754.3859649122808,1754.3859649122808,1667.2280701754387,1453.0,150.0,150.0,150.0,150.0,1.1974791929824562,1.420063054054054,ALL,BH1xBH2x/BACxTOFx/AC1xM2D1,-,-,BH1xBH2,280,ON,BH1xBH2xTOF,-,-,BH1xBH2x/BACxTOFxAC1xM2D1,-,-,TOFxWC,-,-,BH1,-,-
70204,2023/06/21 04:44:44,2023/06/21 05:12:54,0:28:10,SAC,121505,ON,2455948272,,,,,,,,,,,1.4065503365817142,49.699526175898214,47.46348521953166,399.35714285714283,4800.0,33.0,2500.0,2500.0,2362.0,1167.5892857142858,150.0,150.0,150.0,150.0,1.172938517857143,1.419023357142857,ALL,BH1xBH2x/BACxTOFx/AC1xM2D1,-,-,BH1xBH2,280,ON,BH1xBH2xTOF,-,-,BH1xBH2x/BACxTOFxAC1xM2D1,-,-,TOFxWC,-,-,BH1,-,-
70205,2023/06/21 05:13:17,2023/06/21 05:22:25,0:09:08,SAC ADC ref. 1.4GeV/c Kaon low rate,89776,ON,1809832180,,,,,,,,,,,1.4065432534008888,49.721844187049356,48.43723988283305,238.77777777777777,4800.0,33.0,2500.0,2500.0,2362.0,1453.0,150.0,150.0,150.0,150.0,1.172932611111111,1.4190223333333334,ALL,BH1xBH2x/BACxTOFx/AC1xM2D1,-,-,BH1xBH2,100,ON,BH1xBH2xTOF,-,-,BH1xBH2x/BACxTOFxAC1xM2D1,-,-,TOFxWC,-,-,BH1,-,-
70206,2023/06/21 05:22:53,2023/06/21 05:48:30,0:25:37,beam che,294159,ON,5947642736,,,,,,,,,,,1.4116181989973333,49.55598911088939,45.02696995413176,412.4117647058824,4800.0,43.19607843137255,2500.0,2500.0,2362.0,1196.5882352941176,150.0,150.0,150.0,150.0,1.1771646666666666,1.4190193725490197,ALL,BH1xBH2x/BACxTOFx/AC1xM2D1,-,-,BH1xBH2,30,ON,BH1xBH2xTOF,-,-,BH1xBH2x/BACxTOFxAC1xM2D1,-,-,TOFxWC,-,-,BH1,-,-
70207,2023/06/21 05:49:14,2023/06/21 05:51:06,0:01:52,SAC3 Vth 61mV beamxTOF dummy,0,ON,0,,,,,,,,,,,1.4214249949013336,44.99769540796368,15.831325310073515,0.0,4800.0,63.0,2500.0,2500.0,2362.0,0.0,150.0,150.0,150.0,150.0,1.1853426666666664,1.4190173333333334,ALL,BH1xBH2x/BACxTOFx/AC1xM2D1,-,-,BH1xBH2,-,-,BH1xBH2xTOF,1,ON,BH1xBH2x/BACxTOFxAC1xM2D1,-,-,TOFxWC,-,-,BH1,-,-
70208,2023/06/21 07:23:58,2023/06/21 07:27:11,0:03:13,Chamber HV Vth Study type 4 / SAC3 Vth 61x1 mV (BeamxTOF) dummy,0,ON,0,,,,,,,,,,,1.421346420845714,49.720571325196055,49.2129303792452,513.0,4800.0,63.0,2500.0,2500.0,2362.0,1453.0,150.0,150.0,150.0,150.0,1.1852771428571427,1.419007857142857,ALL,BH1xBH2x/BACxTOFx/AC1xM2D1,-,-,BH1xBH2,-,-,BH1xBH2xTOF,1,ON,BH1xBH2x/BACxTOFxAC1xM2D1,-,-,TOFxWC,-,-,BH1,-,-
70209,2023/06/21 07:40:52,2023/06/21 08:15:31,0:34:39,AC1 check,2130,ON,42925760,,,,,,,,,,,1.4213307298689855,49.72788906445348,49.442332862038576,513.0,4800.0,63.0,2500.0,2500.0,2362.0,1010.7826086956521,150.0,150.0,150.0,150.0,1.1852640579710145,1.4190157826086953,ALL,BH1xBH2x/BACxTOFx/AC1xM2D1,-,-,BH1xBH2,-,-,BH1xBH2xTOF,-,-,BH1xBH2x/BACxTOFxAC1xM2D1,-,-,TOFxWC,1,ON,BH1,-,-
70210,2023/06/21 08:15:42,2023/06/21 08:21:21,0:05:39,Chamber HV Vth Study type 4 / SAC3 Vth 61x1 mV (BeamxTOF),89765,ON,1845361648,,,,,,,,,,,1.4213133269236364,49.69701025284641,48.40792624871846,513.0,4800.0,63.0,2500.0,2500.0,2362.0,0.0,150.0,150.0,150.0,150.0,1.1852495454545453,1.4190006363636363,ALL,BH1xBH2x/BACxTOFx/AC1xM2D1,-,-,BH1xBH2,30,ON,BH1xBH2xTOF,-,-,BH1xBH2x/BACxTOFxAC1xM2D1,-,-,TOFxWC,-,-,BH1,-,-
70211,2023/06/21 08:21:30,2023/06/21 08:23:15,0:01:45,Chamber HV Vth Study type 4 / SAC3 Vth 61x1 mV (BeamxTOF),51370,ON,1056396452,,,,,,,,,,,1.421313272416,49.7067672962424,48.38402450141132,513.0,4800.0,63.0,2500.0,2500.0,2362.0,0.0,150.0,150.0,150.0,150.0,1.1852495,1.4190025,ALL,BH1xBH2x/BACxTOFx/AC1xM2D1,-,-,BH1xBH2,-,-,BH1xBH2xTOF,30,ON,BH1xBH2x/BACxTOFxAC1xM2D1,-,-,TOFxWC,-,-,BH1,-,-
70212,2023/06/21 08:23:25,2023/06/21 08:28:21,0:04:56,Chamber HV Vth Study type 5 / SAC3 Vth 61x2 mV (BeamxTOF),57403,ON,1179795200,,,,,,,,,,,1.421313872,49.71392450021695,48.94817700184866,513.0,4800.0,63.0,2500.0,2500.0,2362.0,0.0,150.0,150.0,150.0,150.0,1.1852500000000001,1.4190095999999999,ALL,BH1xBH2x/BACxTOFx/AC1xM2D1,-,-,BH1xBH2,-,-,BH1xBH2xTOF,30,ON,BH1xBH2x/BACxTOFxAC1xM2D1,-,-,TOFxWC,-,-,BH1,-,-
70213,2023/06/21 08:29:58,2023/06/21 08:34:21,0:04:23,Chamber HV Vth Study type 1 / SAC3 Vth 61x3 mV (BeamxTOF),131738,ON,2703573612,,,,,,,,,,,1.4213141384817776,49.726604414931366,49.41050165187837,513.0,4800.0,63.0,2500.0,2500.0,2362.0,0.0,150.0,150.0,150.0,150.0,1.185250222222222,1.419000111111111,ALL,BH1xBH2x/BACxTOFx/AC1xM2D1,-,-,BH1xBH2,-,-,BH1xBH2xTOF,30,ON,BH1xBH2x/BACxTOFxAC1xM2D1,-,-,TOFxWC,-,-,BH1,-,-
70214,2023/06/21 08:36:06,2023/06/21 08:37:54,0:01:48,Chamber HV Vth Study type 2 / SAC3 Vth 61x4 mV (BeamxTOF),51090,ON,1049535124,,,,,,,,,,,1.421311173872,49.67970881838611,48.561225545938136,513.0,4800.0,63.0,2500.0,2500.0,2362.0,0.0,150.0,150.0,150.0,150.0,1.18524775,1.4189949999999998,ALL,BH1xBH2x/BACxTOFx/AC1xM2D1,-,-,BH1xBH2,-,-,BH1xBH2xTOF,30,ON,BH1xBH2x/BACxTOFxAC1xM2D1,-,-,TOFxWC,-,-,BH1,-,-
70215,2023/06/21 08:39:02,2023/06/21 08:43:40,0:04:38,Chamber HV Vth Study type 3 / (AC1. WC) = (40. 20) dummy,133030,ON,2734319744,,,,,,,,,,,1.4213129393137778,49.72702560258152,48.862699409573715,513.0,4800.0,63.0,2500.0,2500.0,2362.0,0.0,150.0,150.0,150.0,150.0,1.1852492222222224,1.4189963333333333,ALL,BH1xBH2x/BACxTOFx/AC1,-,-,BH1xBH2,-,-,BH1xBH2xTOF,1,ON,BH1xBH2x/BACxTOFxM2D1,-,-,TOFxWC,-,-,BH1,-,-
70216,2023/06/21 08:43:59,2023/06/21 08:46:10,0:02:11,Chamber HV Vth Study type 3 / (AC1. WC) = (40. 20),62640,ON,1287983924,,,,,,,,,,,1.421316270336,49.72417514951581,48.01509489914416,513.0,4800.0,63.0,2500.0,2500.0,2362.0,0.0,150.0,150.0,150.0,150.0,1.185252,1.4189999999999998,ALL,BH1xBH2x/BACxTOFx/AC1,-,-,BH1xBH2,-,-,BH1xBH2xTOF,30,ON,BH1xBH2x/BACxTOFxM2D1,-,-,TOFxWC,-,-,BH1,-,-
70217,2023/06/21 08:46:27,2023/06/21 08:48:22,0:01:55,Chamber HV Vth Study type 3 / (AC1. WC) = (40. 20),55828,ON,1148361760,,,,,,,,,,,1.42131237304,49.68687834884484,48.554671048083044,513.0,4800.0,63.0,2500.0,2500.0,2362.0,0.0,150.0,150.0,150.0,150.0,1.18524875,1.41899575,ALL,BH1xBH2x/BACxTOFx/AC1,-,-,BH1xBH2,-,-,BH1xBH2xTOF,30,ON,BH1xBH2xTOFxM2D1,-,-,TOFxWC,-,-,BH1,-,-
70218,2023/06/21 08:49:59,2023/06/21 08:51:51,0:01:52,Chamber HV Vth Study type 9 / (AC1. WC) = (65. 40),53490,ON,1100018828,,,,,,,,,,,1.421311773456,49.640908452786526,48.612007179612874,513.0,4800.0,63.0,2500.0,2500.0,2362.0,0.0,150.0,150.0,150.0,150.0,1.18524825,1.4189902499999998,ALL,BH1xBH2x/BACxTOFx/AC1,-,-,BH1xBH2,-,-,BH1xBH2xTOF,30,ON,BH1xBH2xTOFxM2D1,-,-,TOFxWC,-,-,BH1,-,-
70219,2023/06/21 08:53:17,2023/06/21 08:55:10,0:01:53,Chamber HV Vth Study type 10 / (AC1. WC) = (105. 60),53358,ON,1097509020,,,,,,,,,,,1.421312672832,49.72785280023584,49.71348125750575,513.0,4800.0,63.0,2500.0,2500.0,2362.0,0.0,150.0,150.0,150.0,150.0,1.185249,1.4189949999999998,ALL,BH1xBH2x/BACxTOFx/AC1,-,-,BH1xBH2,-,-,BH1xBH2xTOF,30,ON,BH1xBH2xTOFxM2D1,-,-,TOFxWC,-,-,BH1,-,-
70220,2023/06/21 08:56:24,2023/06/21 08:58:14,0:01:50,Chamber HV Vth Study type 11 / (AC1. WC) = (150. 80),53161,ON,1092778664,,,,,,,,,,,1.421301580528,49.698107689362324,48.22113918553673,513.0,4800.0,63.0,2500.0,2500.0,2362.0,0.0,150.0,150.0,150.0,150.0,1.18523975,1.4189924999999999,ALL,BH1xBH2x/BACxTOFx/AC1,-,-,BH1xBH2,-,-,BH1xBH2xTOF,30,ON,BH1xBH2xTOFxM2D1,-,-,TOFxWC,-,-,BH1,-,-
70221,2023/06/21 08:59:24,2023/06/21 09:01:15,0:01:51,Chamber HV Vth Study type 14 / (AC1. WC) = (200. 100),50824,ON,1043243432,,,,,,,,,,,1.4213048782400002,49.732701184371415,48.8349742790643,513.0,4800.0,63.0,2500.0,2500.0,2362.0,0.0,150.0,150.0,150.0,150.0,1.1852425000000002,1.41899575,ALL,BH1xBH2x/BACxTOFx/AC1,-,-,BH1xBH2,-,-,BH1xBH2xTOF,30,ON,BH1xBH2xTOFxM2D1,-,-,TOFxWC,-,-,BH1,-,-
70222,2023/06/21 09:02:32,2023/06/21 09:04:47,0:02:15,Chamber HV Vth Study type 12 (BeamxTOF),64185,ON,1319017828,,,,,,,,,,,1.4213033193216,49.726440309830274,48.73779586486863,513.0,4800.0,63.0,2500.0,2500.0,2362.0,0.0,150.0,150.0,150.0,150.0,1.1852412,1.4189922,ALL,BH1xBH2x/BACxTOFx/AC1,-,-,BH1xBH2,-,-,BH1xBH2xTOF,30,ON,BH1xBH2xTOFxM2D1,-,-,TOFxWC,-,-,BH1,-,-
70223,2023/06/21 09:06:33,2023/06/21 09:08:21,0:01:48,Chamber HV Vth Study type 13 (BeamxTOF),51087,ON,1050772564,,,,,,,,,,,1.421292586768,49.72022914394518,48.29486594263679,513.0,4800.0,63.0,2500.0,2500.0,2362.0,0.0,150.0,150.0,150.0,150.0,1.18523225,1.4189885,ALL,BH1xBH2x/BACxTOFx/AC1,-,-,BH1xBH2,-,-,BH1xBH2xTOF,30,ON,BH1xBH2xTOFxM2D1,-,-,TOFxWC,-,-,BH1,-,-
70224,2023/06/21 09:09:35,2023/06/21 09:11:23,0:01:48,Chamber HV Vth Study type 16 (BeamxTOF),50866,ON,1047086140,,,,,,,,,,,1.4212988824,49.65231902919684,48.84881855375399,513.0,4800.0,63.0,2500.0,2500.0,2362.0,0.0,150.0,150.0,150.0,150.0,1.1852375,1.4190159999999998,ALL,BH1xBH2x/BACxTOFx/AC1,-,-,BH1xBH2,-,-,BH1xBH2xTOF,30,ON,BH1xBH2xTOFxM2D1,-,-,TOFxWC,-,-,BH1,-,-
70225,2023/06/21 09:12:36,2023/06/21 09:14:25,0:01:49,Chamber HV Vth Study type 15 (BeamxTOF),51168,ON,1052363924,,,,,,,,,,,1.421300081568,49.752840573108976,48.194661819232294,513.0,4800.0,63.0,2500.0,2500.0,2362.0,0.0,150.0,150.0,150.0,150.0,1.1852384999999999,1.4189885,ALL,BH1xBH2x/BACxTOFx/AC1,-,-,BH1xBH2,-,-,BH1xBH2xTOF,30,ON,BH1xBH2xTOFxM2D1,-,-,TOFxWC,-,-,BH1,-,-
70226,2023/06/21 09:15:34,2023/06/21 09:17:31,0:01:57,Chamber HV Vth Study type 17 (BeamxTOF),55275,ON,1135849120,,,,,,,,,,,1.421293486144,49.70549798678437,48.54668606284275,513.0,4800.0,63.0,2500.0,2500.0,2362.0,0.0,150.0,150.0,150.0,150.0,1.185233,1.41899275,ALL,BH1xBH2x/BACxTOFx/AC1,-,-,BH1xBH2,-,-,BH1xBH2xTOF,30,ON,BH1xBH2xTOFxM2D1,-,-,TOFxWC,-,-,BH1,-,-
70227,2023/06/21 09:20:01,2023/06/21 09:22:04,0:02:03,Chamber HV Vth Study type 21 (BeamxTOF),57887,ON,1194113988,,,,,,,,,,,1.421289588848,49.72986514701485,49.2778624455258,513.0,4800.0,63.0,2500.0,2500.0,2362.0,0.0,150.0,150.0,150.0,150.0,1.18522975,1.41898525,ALL,BH1xBH2x/BACxTOFx/AC1,-,-,BH1xBH2,-,-,BH1xBH2xTOF,30,ON,BH1xBH2xTOFxM2D1,-,-,TOFxWC,-,-,BH1,-,-
70228,2023/06/21 09:26:05,2023/06/21 09:28:16,0:02:11,Chamber HV Vth Study type 18 (BeamxTOF) / SAC3 Vth 153 mV,62385,ON,1283136288,,,,,,,,,,,1.4212836529664001,49.743244927876255,48.250343416639446,513.0,4800.0,63.0,2500.0,2500.0,2362.0,0.0,150.0,150.0,150.0,150.0,1.1852248,1.418985,ALL,BH1xBH2x/BACxTOFx/AC1,-,-,BH1xBH2,-,-,BH1xBH2xTOF,30,ON,BH1xBH2xTOFxM2D1,-,-,TOFxWC,-,-,BH1,-,-
70229,2023/06/21 09:28:58,2023/06/21 09:30:48,0:01:50,Chamber HV Vth Study type 19 (BeamxTOF) / SAC3 Vth 122 mV,51481,ON,1058612180,,,,,,,,,,,1.4212865909280001,49.74973930358684,48.98897259813825,513.0,4800.0,63.0,2500.0,2500.0,2362.0,0.0,150.0,150.0,150.0,150.0,1.18522725,1.4189902499999998,ALL,BH1xBH2x/BACxTOFx/AC1,-,-,BH1xBH2,-,-,BH1xBH2xTOF,30,ON,BH1xBH2xTOFxM2D1,-,-,TOFxWC,-,-,BH1,-,-
70230,2023/06/21 09:31:19,2023/06/21 09:33:08,0:01:49,Chamber HV Vth Study type 20 (BeamxTOF) / SAC3 Vth 122 mV,50072,ON,1030056476,,,,,,,,,,,1.4212802952959998,49.730564970063135,48.55932236671598,513.0,4800.0,63.0,2500.0,2500.0,2362.0,0.0,150.0,150.0,150.0,150.0,1.1852219999999998,1.4189836666666666,ALL,BH1xBH2x/BACxTOFx/AC1,-,-,BH1xBH2,-,-,BH1xBH2xTOF,30,ON,BH1xBH2xTOFxM2D1,-,-,TOFxWC,-,-,BH1,-,-
70231,2023/06/21 09:35:58,2023/06/21 09:38:51,0:02:53,SDC1 HV:1675 Vth:-80 SDC2 HV:1325 Vth:-40 SDCout HV:2000 Vth:-250,82110,ON,1689353308,,,,,,,,,,,1.421279096128,49.718484747755504,47.30850951361273,513.0,4800.0,63.0,2500.0,2500.0,2362.0,0.0,150.0,150.0,150.0,150.0,1.185221,1.4189876666666665,ALL,BH1xBH2x/BACxTOFx/AC1,-,-,BH1xBH2,-,-,BH1xBH2xTOF,30,ON,BH1xBH2xTOFxM2D1,-,-,TOFxWC,-,-,BH1,-,-
70232,2023/06/21 09:39:04,2023/06/21 09:41:12,0:02:08,beam check,65183,ON,1340548300,,,,,,,,,,,1.421279695712,49.733507067232246,47.75913058812637,513.0,4800.0,63.0,2500.0,2500.0,2362.0,0.0,150.0,150.0,150.0,150.0,1.1852215,1.4189825,ALL,BH1xBH2x/BACxTOFx/AC1xM2D1,-,-,BH1xBH2,30,ON,BH1xBH2xTOF,-,-,BH1xBH2x/BACxTOFxAC1xM2D1,-,-,TOFxWC,-,-,BH1,-,-
70233,2023/06/21 09:47:26,2023/06/21 09:48:17,0:00:51,SDC2 check,0,ON,0,,,,,,,,,,,1.421307276576,49.830954229002046,49.68175182883921,513.0,4800.0,63.0,0.0,0.0,0.0,0.0,150.0,150.0,150.0,150.0,1.1852445,0.0,ALL,BH1xBH2x/BACxTOFx/AC1xM2D1,-,-,BH1xBH2,-,-,BH1xBH2xTOF,-,-,BH1xBH2x/BACxTOFxAC1xM2D1,-,-,TOFxWC,-,-,BH1,-,-
70234,2023/06/21 09:48:23,2023/06/21 09:52:28,0:04:05,SDC2 check,207584,ON,4978185472,,,,,,,,,,,1.421311323768,49.726209506299696,48.77775896347198,513.0,4800.0,63.0,0.0,0.0,0.0,0.0,150.0,150.0,150.0,150.0,1.185247875,0.0,ALL,BH1xBH2x/BACxTOFx/AC1xM2D1,-,-,BH1xBH2,-,-,BH1xBH2xTOF,-,-,BH1xBH2x/BACxTOFxAC1xM2D1,-,-,TOFxWC,-,-,BH1,-,-
70235,2023/06/21 09:56:34,2023/06/21 10:23:01,0:26:27,beam check,447322,ON,9056455160,,,,,,,,,,,1.4946688565023396,49.66777181462973,48.68634451600946,513.0,4800.0,229.30188679245282,2264.1509433962265,2358.490566037736,2233.509433962264,0.0,150.0,150.0,150.0,150.0,1.246421566037736,1.4192756041666665,ALL,BH1xBH2x/BACxTOFx/AC1xM2D1,-,-,BH1xBH2,35,ON,BH1xBH2xTOF,-,-,BH1xBH2x/BACxTOFxAC1xM2D1,-,-,TOFxWC,-,-,BH1,-,-
70236,2023/06/21 10:23:14,2023/06/21 10:27:07,0:03:53,sdc2 noise check,206682,ON,4663414872,,,,,,,,,,,1.41173251968,49.68202097475812,48.657170296580674,513.0,4800.0,43.0,0.0,2500.0,2362.0,0.0,150.0,150.0,150.0,150.0,1.1772600000000002,1.4183802857142855,ALL,BH1xBH2x/BACxTOFx/AC1xM2D1,-,-,BH1xBH2,-,-,BH1xBH2xTOF,-,-,BH1xBH2x/BACxTOFxAC1xM2D1,-,-,TOFxWC,-,-,BH1,-,-
70237,2023/06/21 10:30:07,2023/06/21 10:38:34,0:08:27,sdc check,205688,ON,4140231388,,,,,,,,,,,1.41171453216,44.69625290949557,8.555446526714485,513.0,4800.0,43.0,2500.0,2500.0,2362.0,0.0,150.0,150.0,150.0,150.0,1.177245,1.4188355294117647,ALL,BH1xBH2x/BACxTOFx/AC1xM2D1,-,-,BH1xBH2,-,-,BH1xBH2xTOF,-,-,BH1xBH2x/BACxTOFxAC1xM2D1,-,-,TOFxWC,-,-,BH1,-,-
70238,2023/06/21 10:46:42,2023/06/21 11:06:42,0:20:00,beam check,2,ON,40300,,,,,,,,,,,1.4117107248015999,43.76404019716974,1.1924488440069483,25.65,4800.0,43.0,2500.0,2500.0,2362.0,0.0,150.0,150.0,150.0,150.0,1.177241825,1.41882995,ALL,BH1xBH2x/BACxTOFx/AC1xM2D1,-,-,BH1xBH2,35,ON,BH1xBH2xTOF,-,-,BH1xBH2x/BACxTOFxAC1xM2D1,-,-,TOFxWC,-,-,BH1,-,-
70239,2023/06/21 11:06:48,2023/06/21 11:15:51,0:09:03,,35511,ON,719809156,,,,,,,,,,,1.4117110012764447,49.673283891865815,48.3110514461642,170.0,4800.0,43.0,2500.0,2500.0,2362.0,0.0,150.0,150.0,150.0,150.0,1.1772420555555554,1.4188287777777777,ALL,BH1xBH2x/BACxTOFx/AC1xM2D1,-,-,BH1xBH2,35,ON,BH1xBH2xTOF,-,-,BH1xBH2x/BACxTOFxAC1xM2D1,-,-,TOFxWC,-,-,BH1,-,-
70240,2023/06/21 11:16:19,2023/06/21 11:28:23,0:12:04,Beam Through +1.4 GeV/c pion junk,205725,ON,4240601988,,,,,,,,,,,1.411705838192,49.71521954752259,47.7342607367729,470.25,4800.0,43.0,2500.0,2500.0,2362.0,0.0,150.0,150.0,150.0,150.0,1.17723775,1.4188262916666667,ALL,BH1xBH2x/BACxTOFx/AC1xM2D1,-,-,BH1xBH2,35,ON,BH1xBH2xTOF,-,-,BH1xBH2x/BACxTOFxAC1xM2D1,-,-,TOFxWC,-,-,BH1,-,-
70241,2023/06/21 11:32:13,2023/06/21 11:44:33,0:12:20,detector check,44,ON,885500,,,,,,,,,,,1.41171002328832,49.73435933755458,48.2241093051575,436.68,4800.0,43.0,2500.0,2500.0,2362.0,0.0,150.0,150.0,150.0,150.0,1.17724124,1.41882184,ALL,BH1xBH2x/BACxTOFx/AC1,-,-,BH1xBH2,-,-,BH1xBH2xTOF,35,ON,BH1xBH2xTOFxM2D1,-,-,TOFxWC,-,-,BH1,-,-
70242,2023/06/21 11:46:25,2023/06/21 11:55:32,0:09:07,Beam Through +1.4 GeV/c pion,202365,ON,4172978184,,,,,,,,,,,1.4117082698382224,49.724803124029314,48.70022549736174,513.0,4800.0,43.0,2500.0,2500.0,2362.0,0.0,150.0,150.0,150.0,150.0,1.1772397777777777,1.4188194444444442,ALL,BH1xBH2x/BACxTOFx/AC1,-,-,BH1xBH2,-,-,BH1xBH2xTOF,34,ON,BH1xBH2xTOFxM2D1,-,-,TOFxWC,-,-,BH1,-,-
70243,2023/06/21 11:57:25,2023/06/21 12:03:50,0:06:25,beam check,259005,ON,1244180220,,,,,,,,,,,1.4117031861858464,49.77751117926256,48.11496045779386,513.0,4800.0,43.0,2500.0,2500.0,2362.0,0.0,150.0,150.0,150.0,150.0,1.1772355384615383,1.4188181538461535,ALL,BH1xBH2x/BACxTOFx/AC1,-,-,BH1xBH2,-,-,BH1xBH2xTOF,20,ON,BH1xBH2xTOFxM2D1,-,-,TOFxWC,-,-,BH1,-,-
70244,2023/06/21 12:03:58,2023/06/21 12:06:44,0:02:46,Beam Through +1.4 GeV/c Kaon (AC1 40 WC 20),172059,ON,885966988,,,,,,,,,,,1.4117025404800003,49.71939711857623,48.56588821704503,513.0,4800.0,43.0,2500.0,2500.0,2362.0,0.0,150.0,150.0,150.0,150.0,1.1772350000000003,1.4188185000000002,ALL,BH1xBH2x/BACxTOFx/AC1,-,-,BH1xBH2,-,-,BH1xBH2xTOF,7,ON,BH1xBH2xTOFxM2D1,-,-,TOFxWC,-,-,BH1,-,-
70245,2023/06/21 12:07:16,2023/06/21 12:08:42,0:01:26,Beam Through +1.4 GeV/c Kaon (AC1 65 WC 40),104456,ON,537332964,,,,,,,,,,,1.4117037396479999,49.79563687217982,47.11334077415274,513.0,4800.0,43.0,2500.0,2500.0,2362.0,0.0,150.0,150.0,150.0,150.0,1.177236,1.4188185,ALL,BH1xBH2x/BACxTOFx/AC1,-,-,BH1xBH2,-,-,BH1xBH2xTOF,7,ON,BH1xBH2xTOFxM2D1,-,-,TOFxWC,-,-,BH1,-,-
70246,2023/06/21 12:09:06,2023/06/21 12:10:09,0:01:03,Beam Through +1.4 GeV/c Kaon (AC1 65 WC 40),76464,ON,392403928,,,,,,,,,,,1.411697144224,49.776822231383775,50.403103552462156,513.0,4800.0,43.0,2500.0,2500.0,2362.0,0.0,150.0,150.0,150.0,150.0,1.1772305,1.418817,ALL,BH1xBH2x/BACxTOFx/AC1,-,-,BH1xBH2,-,-,BH1xBH2xTOF,7,ON,BH1xBH2xTOFxM2D1,-,-,TOFxWC,-,-,BH1,-,-
70247,2023/06/21 12:10:17,2023/06/21 12:11:21,0:01:04,Beam Through +1.4 GeV/c Kaon (AC1 105 WC 60),76671,ON,393434800,,,,,,,,,,,1.4117085363200002,49.70994135020089,49.24435490905672,513.0,4800.0,43.0,2500.0,2500.0,2362.0,0.0,150.0,150.0,150.0,150.0,1.17724,1.418819,ALL,BH1xBH2x/BACxTOFx/AC1,-,-,BH1xBH2,-,-,BH1xBH2xTOF,7,ON,BH1xBH2xTOFxM2D1,-,-,TOFxWC,-,-,BH1,-,-
70248,2023/06/21 12:11:33,2023/06/21 12:12:32,0:00:59,Beam Through +1.4 GeV/c Kaon (AC1 150 WC 80),66907,ON,343557192,,,,,,,,,,,1.4117103350720002,49.67807619556166,47.80488873540398,513.0,4800.0,43.0,2500.0,2500.0,2362.0,0.0,150.0,150.0,150.0,150.0,1.1772415,1.418816,ALL,BH1xBH2x/BACxTOFx/AC1,-,-,BH1xBH2,-,-,BH1xBH2xTOF,7,ON,BH1xBH2xTOFxM2D1,-,-,TOFxWC,-,-,BH1,-,-
70249,2023/06/21 12:12:45,2023/06/21 12:13:52,0:01:07,Beam Through +1.4 GeV/c Kaon (AC1 200 WC 100),80544,ON,413816716,,,,,,,,,,,1.411691148384,49.725157944939596,47.73970728994512,513.0,4800.0,43.0,2500.0,2500.0,2362.0,0.0,150.0,150.0,150.0,150.0,1.1772255,1.418814,ALL,BH1xBH2x/BACxTOFx/AC1,-,-,BH1xBH2,-,-,BH1xBH2xTOF,7,ON,BH1xBH2xTOFxM2D1,-,-,TOFxWC,-,-,BH1,-,-
70250,2023/06/21 12:14:03,2023/06/21 12:28:42,0:14:39,Beam Through +1.4 GeV/c Kaon (AC1 40 WC 20),1165492,ON,5990643820,,,,,,,,,,,1.4116988602747589,49.7622280443739,48.81861931653837,513.0,4800.0,43.0,2500.0,2500.0,2362.0,0.0,150.0,150.0,150.0,150.0,1.1772319310344825,1.4188123103448276,ALL,BH1xBH2x/BACxTOFx/AC1,-,-,BH1xBH2,-,-,BH1xBH2xTOF,7,ON,BH1xBH2xTOFxM2D1,-,-,TOFxWC,-,-,BH1,-,-
70251,2023/06/21 12:29:23,2023/06/21 12:32:03,0:02:40,Beam Through +1.4 GeV/c Kaon (AC1 40 WC 20),208554,ON,1073917600,,,,,,,,,,,1.4117056583168,49.69515686294659,48.86490086216832,513.0,4800.0,43.0,2500.0,2500.0,2362.0,0.0,150.0,150.0,150.0,150.0,1.1772376000000002,1.4188125999999999,ALL,BH1xBH2x/BACxTOFx/AC1,-,-,BH1xBH2,-,-,BH1xBH2xTOF,7,ON,BH1xBH2xTOFxM2D1,-,-,TOFxWC,-,-,BH1,-,-
70252,2023/06/21 12:32:20,2023/06/21 12:35:00,0:02:40,Beam Through +1.4 GeV/c Kaon (AC1 40 WC 20),207873,ON,1071442204,,,,,,,,,,,1.4117090159871999,49.72790989812791,48.47332447748677,513.0,4800.0,43.0,2500.0,2500.0,2362.0,0.0,150.0,150.0,150.0,150.0,1.1772404,1.4187261999999998,ALL,BH1xBH2x/BACxTOFx/AC1,-,-,BH1xBH2,-,-,BH1xBH2xTOF,7,ON,BH1xBH2xTOFxM2D1,-,-,TOFxWC,-,-,BH1,-,-
70253,2023/06/21 12:35:23,2023/06/21 12:40:59,0:05:36,beam check,236327,ON,1133935968,,,,,,,,,,,1.411709844503273,49.75097534315087,47.90462287117069,513.0,4800.0,43.0,2500.0,2500.0,2362.0,0.0,150.0,150.0,150.0,150.0,1.1772410909090907,1.4188097272727271,ALL,BH1xBH2x/BACxTOFx/AC1,-,-,BH1xBH2,-,-,BH1xBH2xTOF,1,ON,BH1xBH2xTOFxM2D1,-,-,TOFxWC,-,-,BH1,-,-
70254,2023/06/21 12:41:36,2023/06/21 12:45:06,0:03:30,Beam Through +1.4 GeV/c Kaon IFH narrow,202606,ON,1037146464,,,,,,,,,,,1.4117124764434286,49.804458417317356,48.5453598547068,513.0,4800.0,43.0,2500.0,2500.0,2362.0,0.0,150.0,150.0,150.0,150.0,1.1772432857142856,1.4188068571428567,ALL,BH1xBH2x/BACxTOFx/AC1,-,-,BH1xBH2,-,-,BH1xBH2xTOF,1,ON,BH1xBH2xTOFxM2D1,-,-,TOFxWC,-,-,BH1,-,-
70255,2023/06/21 12:45:24,2023/06/21 12:47:45,0:02:21,beam check,28674,ON,138824748,,,,,,,,,,,1.5235731630336,49.700994986261975,48.06749659139635,513.0,4800.0,206.4,2500.0,2500.0,2362.0,0.0,150.0,150.0,150.0,150.0,1.2705252,1.4188088,ALL,BH1xBH2x/BACxTOFx/AC1,-,-,BH1xBH2,-,-,BH1xBH2xTOF,13,ON,BH1xBH2xTOFxM2D1,-,-,TOFxWC,-,-,BH1,-,-
70256,2023/06/21 12:47:51,2023/06/21 12:48:26,0:00:35,Beam Through +1.4 GeV/c pion dummy,11666,ON,57103660,,,,,,,,,,,1.4120838759040002,49.76162443945233,47.445987360957105,513.0,4800.0,43.0,2500.0,2500.0,2362.0,0.0,150.0,150.0,150.0,150.0,1.177553,1.418815,ALL,BH1xBH2x/BACxTOFx/AC1,-,-,BH1xBH2,-,-,BH1xBH2xTOF,13,ON,BH1xBH2xTOFxM2D1,-,-,TOFxWC,-,-,BH1,-,-
70257,2023/06/21 12:49:04,2023/06/21 12:52:41,0:03:37,Beam Through +1.4 GeV/c pion,248952,ON,1294350500,,,,,,,,,,,1.411784083904,49.76583424375529,48.57964694963061,513.0,4800.0,43.0,2500.0,2500.0,2362.0,0.0,150.0,150.0,150.0,150.0,1.177303,1.4187472857142855,ALL,BH1xBH2x/BACxTOFx/AC1,-,-,BH1xBH2,-,-,BH1xBH2xTOF,13,ON,BH1xBH2xTOFxM2D1,-,-,TOFxWC,-,-,BH1,-,-
70258,2023/06/21 12:53:39,2023/06/21 13:15:16,0:21:37,beam check,0,ON,0,,,,,,,,,,,1.4117262785556364,49.672992187017854,49.26575228124932,23.318181818181817,4800.0,43.0,2500.0,2500.0,2362.0,0.0,150.0,150.0,150.0,150.0,1.1772547954545454,1.4187402272727272,ALL,BH1xBH2x/BACxTOFx/AC1xM2D1,-,-,BH1xBH2,10,ON,BH1xBH2,-,-,BH1xBH2xTOFxM2D1,-,-,TOFxWC,-,-,BH1,-,-
70259,2023/06/21 13:26:03,2023/06/21 13:29:51,0:03:48,beam check,167727,ON,817893780,,,,,,,,,,,1.4117200783119999,49.78144838017862,49.24286287536832,513.0,4800.0,43.0,2500.0,2500.0,2362.0,0.0,150.0,150.0,150.0,150.0,1.177249625,1.4184993749999997,ALL,BH1xBH2x/BACxTOFx/AC1xM2D1,-,-,BH1xBH2,-,-,BH1xBH2xTOF,6,ON,BH1xBH2xTOFxM2D1,-,-,TOFxWC,-,-,BH1,-,-
70260,2023/06/21 13:30:09,2023/06/21 13:32:20,0:02:11,Beam Through +1.4 GeV/c proton (AC1 40 WC 20),151664,ON,778565016,,,,,,,,,,,1.4117224466688,49.80025626036564,49.07814396322824,513.0,4800.0,43.0,2500.0,2500.0,2362.0,0.0,150.0,150.0,150.0,150.0,1.1772516,1.4186425999999999,ALL,BH1xBH2x/BACxTOFx/AC1xM2D1,-,-,BH1xBH2,-,-,BH1xBH2xTOF,5,ON,BH1xBH2xTOFxM2D1,-,-,TOFxWC,-,-,BH1,-,-
70261,2023/06/21 13:32:31,2023/06/21 13:33:30,0:00:59,Beam Through +1.4 GeV/c proton (AC1 65 WC 40),68055,ON,349190172,,,,,,,,,,,1.411720528,49.851561324013396,48.2192944028108,513.0,4800.0,43.0,2500.0,2500.0,2362.0,0.0,150.0,150.0,150.0,150.0,1.17725,1.4185979999999998,ALL,BH1xBH2x/BACxTOFx/AC1xM2D1,-,-,BH1xBH2,-,-,BH1xBH2xTOF,5,ON,BH1xBH2xTOFxM2D1,-,-,TOFxWC,-,-,BH1,-,-
70262,2023/06/21 13:33:59,2023/06/21 13:35:10,0:01:11,Beam Through +1.4 GeV/c proton (AC1 105 WC 60),82105,ON,421150084,,,,,,,,,,,1.4117151317439998,49.64821930762666,49.88509855382213,513.0,4800.0,43.0,2500.0,2500.0,2362.0,0.0,150.0,150.0,150.0,150.0,1.1772455,1.4183975,ALL,BH1xBH2x/BACxTOFx/AC1xM2D1,-,-,BH1xBH2,-,-,BH1xBH2xTOF,5,ON,BH1xBH2xTOFxM2D1,-,-,TOFxWC,-,-,BH1,-,-
70263,2023/06/21 13:35:24,2023/06/21 13:36:40,0:01:16,Beam Through +1.4 GeV/c proton (AC1 150 WC 80),89264,ON,457334840,,,,,,,,,,,1.411718129664,49.74811975369772,48.46665785969478,513.0,4800.0,43.0,2500.0,2500.0,2362.0,0.0,150.0,150.0,150.0,150.0,1.177248,1.4185955,ALL,BH1xBH2x/BACxTOFx/AC1xM2D1,-,-,BH1xBH2,-,-,BH1xBH2xTOF,5,ON,BH1xBH2xTOFxM2D1,-,-,TOFxWC,-,-,BH1,-,-
70264,2023/06/21 13:36:51,2023/06/21 13:38:02,0:01:11,Beam Through +1.4 GeV/c proton (AC1 200 WC 100),81404,ON,416554380,,,,,,,,,,,1.4117187292480002,49.76684323050058,48.280707261471974,513.0,4800.0,43.0,2500.0,2500.0,2362.0,0.0,150.0,150.0,150.0,150.0,1.1772485000000001,1.4183949999999999,ALL,BH1xBH2x/BACxTOFx/AC1xM2D1,-,-,BH1xBH2,-,-,BH1xBH2xTOF,5,ON,BH1xBH2xTOFxM2D1,-,-,TOFxWC,-,-,BH1,-,-
70265,2023/06/21 13:38:46,2023/06/21 13:47:20,0:08:34,beam check,60929,ON,290469212,,,,,,,,,,,1.3960936054776472,49.72873647951536,48.64564565574548,440.52941176470586,4344.0,252.94117647058823,2500.0,2500.0,2362.0,0.0,150.0,150.0,150.0,150.0,1.1642185294117646,1.418440294117647,ALL,BH1xBH2x/BAC,13,ON,BH1xBH2,-,-,BH1xBH2xTOF,-,-,BH1xBH2x/BACxTOFxAC1xM2D1,-,-,TOFxWC,-,-,BH1,-,-
70266,2023/06/21 13:48:48,2023/06/21 13:50:36,0:01:48,Beam Through +1.2 GeV/c Kaon,99822,ON,515054816,,,,,,,,,,,1.2056826800213336,49.70413454685296,48.417724541122105,436.0,4154.0,0.0,2500.0,2500.0,2362.0,0.0,150.0,150.0,150.0,150.0,1.0054326666666666,1.4188026666666669,ALL,BH1xBH2x/BACxTOFx/AC1xM2D1,-,-,BH1xBH2,-,-,BH1xBH2xTOF,6,ON,BH1xBH2x/BACxTOFxAC1xM2D1,-,-,TOFxWC,-,-,BH1,-,-
70267,2023/06/21 13:51:17,2023/06/21 13:52:18,0:01:01,Beam Through +1.2 GeV/c Kaon para type 6,76493,ON,394365984,,,,,,,,,,,1.205659695968,49.665758298296666,49.44558567697723,436.0,4154.0,0.0,2500.0,2500.0,2362.0,0.0,150.0,150.0,150.0,150.0,1.0054135,1.4183955,ALL,BH1xBH2x/BACxTOFx/AC1xM2D1,-,-,BH1xBH2,-,-,BH1xBH2xTOF,6,ON,BH1xBH2x/BACxTOFxAC1xM2D1,-,-,TOFxWC,-,-,BH1,-,-
70268,2023/06/21 13:52:26,2023/06/21 13:53:17,0:00:51,Beam Through +1.2 GeV/c Kaon para type 7,55144,ON,284651808,,,,,,,,,,,1.2056626938880002,49.84079234265201,47.28050942970337,436.0,4154.0,0.0,2500.0,2500.0,2362.0,0.0,150.0,150.0,150.0,150.0,1.0054159999999999,1.4183895,ALL,BH1xBH2x/BACxTOFx/AC1xM2D1,-,-,BH1xBH2,-,-,BH1xBH2xTOF,6,ON,BH1xBH2x/BACxTOFxAC1xM2D1,-,-,TOFxWC,-,-,BH1,-,-
70269,2023/06/21 13:53:32,2023/06/21 13:54:25,0:00:53,Beam Through +1.2 GeV/c Kaon para type 5,62854,ON,324565948,,,,,,,,,,,1.2056662913919998,49.671802608319,48.40919320795278,436.0,4154.0,0.0,2500.0,2500.0,2362.0,0.0,150.0,150.0,150.0,150.0,1.0054189999999998,1.4183919999999999,ALL,BH1xBH2x/BACxTOFx/AC1xM2D1,-,-,BH1xBH2,-,-,BH1xBH2xTOF,6,ON,BH1xBH2x/BACxTOFxAC1xM2D1,-,-,TOFxWC,-,-,BH1,-,-
70270,2023/06/21 13:54:52,2023/06/21 13:58:53,0:04:01,beam check,147356,ON,705523580,,,,,,,,,,,1.205678133176,49.72962079643447,48.4617339584841,436.0,4154.0,0.0,2500.0,2500.0,2362.0,0.0,150.0,150.0,150.0,150.0,1.005428875,1.4184432500000002,ALL,BH1xBH2x/BACxTOFx/AC1xM2D1,-,-,BH1xBH2,-,-,BH1xBH2xTOF,1,ON,BH1xBH2x/BACxTOFxAC1xM2D1,-,-,TOFxWC,-,-,BH1,-,-
70271,2023/06/21 13:58:59,2023/06/21 13:59:18,0:00:19,beam check,2936,ON,14043328,,,,,,,,,,,1.2056626938880002,49.68090529900838,49.69017322782495,436.0,4154.0,0.0,2500.0,2500.0,2362.0,0.0,150.0,150.0,150.0,150.0,1.005416,1.418393,ALL,BH1xBH2x/BACxTOFx/AC1xM2D1,-,-,BH1xBH2,-,-,BH1xBH2xTOF,1,ON,BH1xBH2x/BACxTOFxAC1xM2D1,-,-,TOFxWC,-,-,BH1,-,-
70272,2023/06/21 14:00:21,2023/06/21 14:12:27,0:12:06,Beam Through +1.2 GeV/c Kaon IFH narrow,200167,ON,1024022820,,,,,,,,,,,1.2056750353253334,49.73975207871524,48.35814269614226,436.0,4154.0,0.0,2500.0,2500.0,2362.0,0.0,150.0,150.0,150.0,150.0,1.0054262916666667,1.4184236666666667,ALL,BH1xBH2x/BACxTOFx/AC1xM2D1,-,-,BH1xBH2,-,-,BH1xBH2xTOF,1,ON,BH1xBH2x/BACxTOFxAC1xM2D1,-,-,TOFxWC,-,-,BH1,-,-
70273,2023/06/21 14:12:45,2023/06/21 14:17:18,0:04:33,beam check,161690,ON,783123724,,,,,,,,,,,1.2056752185315556,49.73827464906598,48.30073293552744,436.0,4154.0,0.0,2500.0,2500.0,2362.0,0.0,150.0,150.0,150.0,150.0,1.0054264444444445,1.4184373333333335,ALL,BH1xBH2x/BACxTOFx/AC1xM2D1,-,-,BH1xBH2,-,-,BH1xBH2xTOF,13,ON,BH1xBH2x/BACxTOFxAC1xM2D1,-,-,TOFxWC,-,-,BH1,-,-
70274,2023/06/21 14:17:44,2023/06/21 14:19:28,0:01:44,Beam Through +1.2 GeV/c pion para type 5,107684,ON,558769272,,,,,,,,,,,1.20566749056,49.68786640317321,47.68570030355781,436.0,4154.0,0.0,2500.0,2500.0,2362.0,0.0,150.0,150.0,150.0,150.0,1.00542,1.41838475,ALL,BH1xBH2x/BACxTOFx/AC1xM2D1,-,-,BH1xBH2,-,-,BH1xBH2xTOF,12,ON,BH1xBH2x/BACxTOFxAC1xM2D1,-,-,TOFxWC,-,-,BH1,-,-
70275,2023/06/21 14:19:41,2023/06/21 14:20:47,0:01:06,Beam Through +1.2 GeV/c pion para type 6 junk,0,ON,0,,,,,,,,,,,1.2056730866773335,49.868652208742525,0.0,436.0,4154.0,0.0,2500.0,2500.0,2362.0,0.0,150.0,150.0,150.0,150.0,1.0054246666666666,1.4183899999999998,ALL,BH1xBH2x/BACxTOFx/AC1xM2D1,-,-,BH1xBH2,-,-,BH1xBH2xTOF,12,ON,BH1xBH2x/BACxTOFxAC1xM2D1,-,-,TOFxWC,-,-,BH1,-,-
70276,2023/06/21 14:21:23,2023/06/21 14:45:03,0:23:40,beam check,4,ON,18728,,,,,,,,,,,1.2056732822862977,38.14059350709634,13.681663779485698,169.82978723404256,4154.0,0.0,2500.0,2500.0,2362.0,0.0,150.0,150.0,150.0,150.0,1.0054248297872341,1.4183857234042554,ALL,BH1xBH2x/BACxTOFx/AC1xM2D1,-,-,BH1xBH2,-,-,BH1xBH2xTOF,12,ON,BH1xBH2x/BACxTOFxAC1xM2D1,-,-,TOFxWC,-,-,BH1,-,-
70277,2023/06/21 14:47:07,2023/06/21 14:47:46,0:00:39,beam check,40033,ON,207245172,,,,,,,,,,,1.205663293472,49.68182590030951,48.36997249529351,436.0,4154.0,0.0,2500.0,2500.0,2362.0,0.0,150.0,150.0,150.0,150.0,1.0054165,1.418381,ALL,BH1xBH2x/BACxTOFx/AC1xM2D1,-,-,BH1xBH2,-,-,BH1xBH2xTOF,12,ON,BH1xBH2x/BACxTOFxAC1xM2D1,-,-,TOFxWC,-,-,BH1,-,-
70278,2023/06/21 14:47:55,2023/06/21 14:49:26,0:01:31,Beam Through +1.2 GeV/c pion para type 6,104737,ON,542118724,,,,,,,,,,,1.2056686897279998,49.66880344050787,48.72140901284782,436.0,4154.0,0.0,2500.0,2500.0,2362.0,0.0,150.0,150.0,150.0,150.0,1.005421,1.4183816666666667,ALL,BH1xBH2x/BACxTOFx/AC1xM2D1,-,-,BH1xBH2,-,-,BH1xBH2xTOF,12,ON,BH1xBH2x/BACxTOFxAC1xM2D1,-,-,TOFxWC,-,-,BH1,-,-
70279,2023/06/21 14:49:54,2023/06/21 14:51:25,0:01:31,Beam Through +1.2 GeV/c pion para type 7,102329,ON,529592876,,,,,,,,,,,1.2056686897279998,49.707956155710825,46.704001821627976,436.0,4154.0,0.0,2500.0,2500.0,2362.0,0.0,150.0,150.0,150.0,150.0,1.005421,1.418385,ALL,BH1xBH2x/BACxTOFx/AC1xM2D1,-,-,BH1xBH2,-,-,BH1xBH2xTOF,12,ON,BH1xBH2x/BACxTOFxAC1xM2D1,-,-,TOFxWC,-,-,BH1,-,-
70280,2023/06/21 14:51:51,2023/06/21 14:52:17,0:00:26,beam check,0,ON,0,,,,,,,,,,,1.2056686897279998,49.685393755352486,0.0,436.0,4154.0,0.0,2500.0,2500.0,2362.0,0.0,150.0,150.0,150.0,150.0,1.005421,1.4183789999999998,ALL,BH1xBH2x/BACxTOFx/AC1xM2D1,-,-,BH1xBH2,-,-,BH1xBH2xTOF,12,ON,BH1xBH2x/BACxTOFxAC1xM2D1,-,-,TOFxWC,-,-,BH1,-,-
70281,2023/06/21 15:19:56,2023/06/21 15:21:32,0:01:36,beam check,100662,ON,488999608,,,,,,,,,,,1.2056686897279998,49.7495678264292,47.8657970252494,436.0,4154.0,0.0,2500.0,2500.0,2362.0,0.0,150.0,150.0,150.0,150.0,1.005421,1.4183716666666666,ALL,BH1xBH2x/BACxTOFx/AC1xM2D1,-,-,BH1xBH2,-,-,BH1xBH2xTOF,12,ON,BH1xBH2x/BACxTOFxAC1xM2D1,-,-,TOFxWC,-,-,BH1,-,-
70282,2023/06/21 15:21:51,2023/06/21 15:24:34,0:02:43,parasite rate study 1.2 GeV/c pion,183289,ON,898510232,,,,,,,,,,,1.2056686897279998,49.75783679717675,47.67593250739564,436.0,4154.0,0.0,2500.0,2500.0,2362.0,0.0,150.0,150.0,150.0,150.0,1.005421,1.4183789999999998,ALL,BH1xBH2x/BACxTOFx/AC1xM2D1,-,-,BH1xBH2,-,-,BH1xBH2xTOF,100,ON,BH1xBH2x/BACxTOFxAC1xM2D1,-,-,TOFxWC,-,-,BH1,-,-
70283,2023/06/21 15:26:18,2023/06/21 15:28:52,0:02:34,SDCin align+1.2 GeV/c pion S2S OFF dummy,171414,ON,852296004,,,,,,,,,,,1.2056686897279998,49.67520900365263,48.00960693390145,436.0,4154.0,17.0,0.0,0.0,0.0,0.0,150.0,150.0,150.0,150.0,1.005421,0.0,ALL,BH1xBH2x/BACxTOFx/AC1xM2D1,-,-,BH1xBH2,13,ON,BH1xBH2xTOF,-,-,BH1xBH2x/BACxTOFxAC1xM2D1,-,-,TOFxWC,-,-,BH1,-,-
70284,2023/06/21 15:29:01,2023/06/21 15:30:21,0:01:20,SDCin align+1.2 GeV/c pion S2S OFF,96118,ON,477679608,,,,,,,,,,,1.2056686897279998,49.674215135734606,48.442608827177914,436.0,4154.0,15.0,0.0,0.0,0.0,0.0,150.0,150.0,150.0,150.0,1.005421,0.0,ALL,BH1xBH2x/BACxTOFx/AC1xM2D1,-,-,BH1xBH2,13,ON,BH1xBH2xTOF,-,-,BH1xBH2x/BACxTOFxAC1xM2D1,-,-,TOFxWC,-,-,BH1,-,-
70285,2023/06/21 15:30:48,2023/06/21 15:32:01,0:01:13,SDCin align+1.2 GeV/c defocus pion S2S OFF dummy,76669,ON,363878292,,,,,,,,,,,1.2056686897279998,49.61953644779406,46.14280109707071,436.0,4154.0,15.0,0.0,0.0,0.0,0.0,150.0,150.0,150.0,150.0,1.005421,0.0,ALL,BH1xBH2x/BACxTOFx/AC1xM2D1,-,-,BH1xBH2,13,ON,BH1xBH2xTOF,-,-,BH1xBH2x/BACxTOFxAC1xM2D1,-,-,TOFxWC,-,-,BH1,-,-
70286,2023/06/21 15:32:25,2023/06/21 15:33:34,0:01:09,SDCin align+1.2 GeV/c defocus pion S2S OFF,72186,ON,355132852,,,,,,,,,,,1.2056686897279998,49.757100755780435,49.01445413020967,436.0,4154.0,15.0,0.0,0.0,0.0,0.0,150.0,150.0,150.0,150.0,1.005421,0.0,ALL,BH1xBH2x/BACxTOFx/AC1xM2D1,-,-,BH1xBH2,12,ON,BH1xBH2xTOF,-,-,BH1xBH2x/BACxTOFxAC1xM2D1,-,-,TOFxWC,-,-,BH1,-,-
70287,2023/06/21 15:33:41,2023/06/21 15:36:48,0:03:07,SDCin align +1.2 GeV/c defocus pion S2S OFF,207113,ON,1028701260,,,,,,,,,,,1.205668689728,49.698163287367215,48.17953088346008,436.0,4154.0,15.0,0.0,0.0,0.0,0.0,150.0,150.0,150.0,150.0,1.005421,0.0,ALL,BH1xBH2x/BACxTOFx/AC1xM2D1,-,-,BH1xBH2,12,ON,BH1xBH2xTOF,-,-,BH1xBH2x/BACxTOFxAC1xM2D1,-,-,TOFxWC,-,-,BH1,-,-
70288,2023/06/21 15:38:11,2023/06/21 15:38:19,0:00:08,SDCin align +1.2 GeV/c defocus pion S2S ON dummy,882,ON,4407548,,,,,,,,,,,1.2056686897279998,49.69964420597088,47.55261764066381,436.0,4154.0,15.0,2500.0,2500.0,2362.0,0.0,150.0,150.0,150.0,150.0,1.005421,1.396316,ALL,BH1xBH2x/BACxTOFx/AC1xM2D1,-,-,BH1xBH2,4,ON,BH1xBH2xTOF,-,-,BH1xBH2x/BACxTOFxAC1xM2D1,-,-,TOFxWC,-,-,BH1,-,-
70289,2023/06/21 15:38:26,2023/06/21 15:41:27,0:03:01,SDCin align +1.2 GeV/c defocus pion S2S ON,201157,ON,1010590336,,,,,,,,,,,1.205668689728,49.72990028670335,48.030389153105965,436.0,4154.0,15.0,2500.0,2500.0,2362.0,0.0,150.0,150.0,150.0,150.0,1.005421,1.4175261666666668,ALL,BH1xBH2x/BACxTOFx/AC1xM2D1,-,-,BH1xBH2,13,ON,BH1xBH2xTOF,-,-,BH1xBH2x/BACxTOFxAC1xM2D1,-,-,TOFxWC,-,-,BH1,-,-
70290,2023/06/21 15:42:44,2023/06/21 15:44:06,0:01:22,pedestal run,68020,ON,320652008,,,,,,,,,,,1.2056686897279998,49.7457084019087,49.11031946162121,436.0,0.0,0.0,0.0,0.0,0.0,0.0,150.0,150.0,150.0,150.0,1.005421,0.0,ALL,BH1xBH2x/BACxTOFx/AC1xM2D1,-,-,BH1xBH2,-,-,BH1xBH2xTOF,-,-,BH1xBH2x/BACxTOFxAC1xM2D1,-,-,TOFxWC,-,-,BH1,-,-
70291,2023/06/21 16:16:42,2023/06/21 16:17:28,0:00:46,daq test,0,ON,0,,,,,,,,,,,1.2056686897279998,49.85619392723502,0.0,0.0,0.0,0.0,0.0,0.0,0.0,0.0,200.0,200.0,0.0,0.0,1.005421,0.0,ALL,BH1xBH2x/BACxTOFx/AC1xM2D1,-,-,BH1xBH2,-,-,BH1xBH2xTOF,-,-,BH1xBH2x/BACxTOFxAC1xM2D1,-,-,TOFxWC,-,-,BH1,-,-
70292,2023/06/21 16:17:38,2023/06/21 16:18:01,0:00:23,daq test,0,ON,0,,,,,,,,,,,1.2056686897279998,49.85619392723502,0.0,0.0,0.0,0.0,0.0,0.0,0.0,0.0,200.0,200.0,0.0,0.0,1.005421,0.0,ALL,BH1xBH2x/BACxTOFx/AC1xM2D1,-,-,BH1xBH2,-,-,BH1xBH2xTOF,-,-,BH1xBH2x/BACxTOFxAC1xM2D1,-,-,TOFxWC,-,-,BH1,-,-
70293,2023/06/21 16:18:30,2023/06/21 16:19:42,0:01:12,daq test,,OFF,,,,,,,,,,,,1.2056686897279998,49.85619392723502,0.0,0.0,0.0,0.0,0.0,0.0,0.0,0.0,200.0,200.0,0.0,0.0,1.005421,0.0,ALL,BH1xBH2x/BAC,-,-,BH2,-,-,BH2,-,-,BH1xBH2,-,-,BH1,-,-,BH1xBH2xBAC,-,-
70294,2023/06/21 16:20:06,2023/06/21 16:20:26,0:00:20,daq test,0,ON,0,,,,,,,,,,,1.2056686897279998,49.85619392723502,0.0,0.0,0.0,0.0,0.0,0.0,0.0,0.0,200.0,200.0,0.0,0.0,1.005421,0.0,ALL,BH1xBH2x/BAC,-,-,BH2,-,-,BH2,-,-,BH1xBH2,-,-,BH1,-,-,BH1xBH2xBAC,-,-
70295,2023/06/21 16:20:43,2023/06/21 16:21:13,0:00:30,daq test,0,ON,0,,,,,,,,,,,1.2056686897279998,49.85619392723502,0.0,0.0,0.0,0.0,0.0,0.0,0.0,0.0,200.0,200.0,0.0,0.0,1.005421,0.0,ALL,BH1xBH2x/BAC,-,-,BH2,-,-,BH2,-,-,BH1xBH2,-,-,BH1,-,-,BH1xBH2xBAC,-,-
70296,2023/06/21 16:22:39,2023/06/21 16:22:52,0:00:13,daq test,0,ON,0,,,,,,,,,,,1.2056686897279998,49.85619392723502,0.0,0.0,0.0,0.0,0.0,0.0,0.0,0.0,200.0,200.0,0.0,0.0,1.005421,0.0,ALL,BH1xBH2x/BAC,-,-,BH2,-,-,BH2,-,-,BH1xBH2,-,-,BH1,-,-,BH1xBH2xBAC,-,-
70297,2023/06/21 16:24:49,2023/06/21 16:26:57,0:02:08,daq test,3,ON,14152,,,,,,,,,,,1.2056686897279998,49.785377738404954,47.59508626109234,369.0,0.0,0.0,0.0,0.0,0.0,0.0,200.0,200.0,0.0,0.0,1.005421,0.0,ALL,BH1xBH2x/BAC,-,-,BH2,-,-,BH2,-,-,BH1xBH2,-,-,BH1,-,-,BH1xBH2xBAC,-,-
70298,2023/06/21 16:27:19,2023/06/21 16:28:22,0:01:03,daq test,3262,ON,15386104,,,,,,,,,,,1.2056686897279998,49.785377738404954,47.59508626109234,369.0,0.0,0.0,0.0,0.0,0.0,0.0,200.0,200.0,0.0,0.0,1.005421,0.0,ALL,BH1xBH2x/BAC,-,-,BH2,-,-,BH2,-,-,BH1xBH2,-,-,BH1,-,-,BH1xBH2xBAC,-,-
70299,2023/06/21 16:30:02,2023/06/21 16:39:20,0:09:18,daq test,0,ON,0,,,,,,,,,,,1.2056686897279998,49.7475408051962,48.27795915349043,97.10526315789474,0.0,0.0,0.0,0.0,0.0,0.0,200.0,200.0,0.0,0.0,1.0054209999999997,0.0,ALL,TOF,-,-,BH2xTOFx/M3D,-,-,BH1xBH2,-,-,BH1xBH2,-,-,TOF,1,ON/OFF,TOF,-,-
70300,2023/06/21 16:39:26,2023/06/21 16:39:36,0:00:10,daq test,0,ON,0,,,,,,,,,,,,,,,,,,,,,,,,,,
70301,2023/06/21 16:39:51,2023/06/21 16:40:09,0:00:18,daq test,0,ON,0,,,,,,,,,,,,,,,,,,,,,,,,,,
70302,2023/06/21 16:46:50,2023/06/21 17:37:32,0:50:42,daq test,1322447,ON,6471568560,,,,,,,,,,,1.205668689728,49.7314339147664,48.05642828631634,256.9207920792079,0.0,0.0,0.0,0.0,0.0,561.059405940594,129.7029702970297,129.7029702970297,0.0,0.0,1.005421,0.0,ALL,TOF,-,-,BH2xTOFx/M3D,-,-,BH1xBH2,-,-,BH1xBH2,-,-,TOF,1,ON/OFF,TOF,-,-
70303,2023/06/21 17:54:27,2023/06/21 17:56:34,0:02:07,HBX check after AFT up (60Co. NaI trig),53595,ON,251077112,,,,,,,,,,,1.2056686897279998,49.67853493389932,49.12129896045265,-369.0,0.0,0.0,0.0,0.0,0.0,1453.0,100.0,100.0,0.0,0.0,1.005421,0.0,ALL,TOF,-,-,BH2xTOFx/M3D,-,-,BH1xBH2,-,-,BH1xBH2,-,-,TOF,1,ON/OFF,TOF,-,-
70304,2023/06/21 18:01:40,2023/06/21 18:03:09,0:01:29,HBX check after AFT up (60Co. NaIxGe. LSOxGe),34825,ON,163229324,,,,,,,,,,,1.2056686897279998,49.72398947339233,48.521542141794434,-369.0,0.0,0.0,0.0,0.0,0.0,1453.0,100.0,100.0,0.0,0.0,1.005421,0.0,ALL,TOF,-,-,BH2xTOFx/M3D,-,-,BH1xBH2,-,-,BH1xBH2,-,-,TOF,1,ON/OFF,TOF,-,-
70305,2023/06/21 18:20:42,2023/06/21 18:22:12,0:01:30,HBX check after AFT up (60Co. NaIxGe. LSOxGe),36244,ON,169873472,,,,,,,,,,,1.2056686897279998,49.61077866620908,48.625229921348854,-369.0,0.0,0.0,0.0,0.0,0.0,1453.0,100.0,100.0,0.0,0.0,1.005421,0.0,ALL,TOF,-,-,BH2xTOFx/M3D,-,-,BH1xBH2,-,-,BH1xBH2,-,-,TOF,1,ON/OFF,TOF,-,-
70306,2023/06/21 18:23:59,2023/06/21 18:25:24,0:01:25,HBX check after AFT up (60Co. NaIxGe. LSOxGe),35037,ON,164566684,,,,,,,,,,,1.2056686897279998,49.713923373280146,49.22247849434306,-369.0,0.0,0.0,0.0,0.0,0.0,1453.0,100.0,100.0,0.0,0.0,1.005421,0.0,ALL,TOF,-,-,BH2xTOFx/M3D,-,-,BH1xBH2,-,-,BH1xBH2,-,-,TOF,1,ON/OFF,TOF,-,-
70307,2023/06/21 18:28:09,2023/06/21 18:29:38,0:01:29,HBX check after AFT up (60Co. NaIxGe. LSOxGe),35601,ON,166942744,,,,,,,,,,,1.2056686897279998,49.70375460662215,47.56471316657706,-369.0,0.0,0.0,0.0,0.0,0.0,1453.0,100.0,100.0,0.0,0.0,1.005421,0.0,ALL,TOF,-,-,BH2xTOFx/M3D,-,-,BH1xBH2,-,-,BH1xBH2,-,-,TOF,1,ON/OFF,TOF,-,-
70308,2023/06/21 18:30:40,2023/06/21 18:32:07,0:01:27,HBX check after AFT up (60Co. NaIxGe. LSOxGe),34563,ON,162418356,,,,,,,,,,,1.2056686897279998,49.76025111297535,46.79517353170947,-369.0,0.0,0.0,0.0,0.0,0.0,1453.0,100.0,100.0,0.0,0.0,1.005421,0.0,ALL,TOF,-,-,BH2xTOFx/M3D,-,-,BH1xBH2,-,-,BH1xBH2,-,-,TOF,1,ON/OFF,TOF,-,-
70309,2023/06/21 18:34:22,2023/06/21 18:44:21,0:09:59,Todays Ge data (60Co. NaIxGe. LSOxGe),271030,ON,1270904420,,,,,,,,,,,1.2056686897279998,49.71231713142738,48.62372001736447,-369.0,0.0,0.0,0.0,0.0,0.0,1453.0,100.0,100.0,0.0,0.0,1.0054209999999997,0.0,ALL,TOF,-,-,BH2xTOFx/M3D,-,-,BH1xBH2,-,-,BH1xBH2,-,-,TOF,1,ON/OFF,TOF,-,-
70310,2023/06/21 18:45:06,2023/06/21 18:55:05,0:09:59,Todays Ge data (no source. NaIxGe. LSOxGe),267025,ON,1252915688,,,,,,,,,,,1.2056686897279998,49.80264991634318,48.21790019725048,-369.0,0.0,0.0,0.0,0.0,0.0,1453.0,100.0,100.0,0.0,0.0,1.0054209999999997,0.0,ALL,TOF,-,-,BH2xTOFx/M3D,-,-,BH1xBH2,-,-,BH1xBH2,-,-,TOF,1,ON/OFF,TOF,-,-
70311,2023/06/21 19:08:27,2023/06/21 19:08:37,0:00:10,AFT pedestal run,,OFF,,,,,,,,,,,,,,,,,,,,,,,,,,,
70312,2023/06/21 19:08:56,2023/06/21 19:10:51,0:01:55,AFT pedestal run,,OFF,,,,,,,,,,,,1.2056686897279998,49.769335017186165,47.628208294960025,-276.75,0.0,0.0,0.0,0.0,0.0,726.5,100.0,100.0,0.0,0.0,1.005421,0.0,ALL,BH1xBH2x/BACxTOFx/AC1xM2D1,-,-,BH1xBH2,-,-,BH1xBH2xTOF,-,-,BH1xBH2x/BACxTOFxAC1xM2D1,-,-,TOFxWC,-,-,BH1,-,-
70313,2023/06/21 19:12:09,2023/06/21 19:15:19,0:03:10,AFT pedestal run,,OFF,,,,,,,,,,,,1.205668689728,49.80232714438986,48.26287358703889,-369.0,0.0,0.0,0.0,0.0,0.0,1453.0,100.0,100.0,0.0,0.0,1.005421,0.0,ALL,BH1xBH2x/BACxTOFx/AC1xM2D1,-,-,BH1xBH2,-,-,BH1xBH2xTOF,-,-,BH1xBH2x/BACxTOFxAC1xM2D1,-,-,TOFxWC,-,-,BH1,-,-
70314,2023/06/21 19:15:29,2023/06/21 20:55:32,1:40:03,AFT pedestal run,1997,ON,40089428,,,,,,,,,,,1.205668689728,49.75786524583955,48.07534253882638,-326.565,0.0,0.0,0.0,0.0,0.0,850.005,100.0,100.0,0.0,0.0,1.0054210000000001,0.0,ALL,BH1xBH2x/BACxTOFx/AC1xM2D1,-,-,BH1xBH2,-,-,BH1xBH2xTOF,-,-,BH1xBH2x/BACxTOFxAC1xM2D1,-,-,TOFxWC,-,-,BH1,-,-
70315,2023/06/21 21:00:16,2023/06/21 21:16:22,0:16:06,AFT pedestal run,41687,ON,837306400,,,,,,,,,,,1.2056686897279998,49.78241580806323,48.61253815317709,-369.0,0.0,0.0,0.0,0.0,0.0,0.0,100.0,100.0,0.0,0.0,1.005421,0.0,ALL,BH1xBH2x/BAC,-,-,BH2,-,-,BH2,-,-,BH1xBH2,-,-,BH1,-,-,BH1xBH2xBAC,-,-
70316,2023/06/21 21:22:26,2023/06/21 21:52:57,0:30:31,AFT dead chan check,189923,ON,3799791220,,,,,,,,,,,-0.0010763220847213116,49.74999343201452,48.73288488248929,-369.0,0.0,0.0,0.0,0.0,0.0,0.0,100.0,100.0,143.2795081967213,143.2795081967213,-0.0008975573770491802,0.0,ALL,BH1xBH2x/BAC,-,-,BH2,-,-,BH2,-,-,BH1xBH2,-,-,BH1,-,-,BH1xBH2xBAC,-,-
70317,2023/06/21 22:04:12,2023/06/21 22:15:49,0:11:37,AFT dead chan check,,OFF,,,,,,,,,,,,-0.0010766964507826088,49.79471750264829,46.95273147450818,-320.8695652173913,0.0,0.0,0.0,0.0,0.0,1326.6521739130435,100.0,100.0,150.0,150.0,-0.0008978695652173913,0.0,ALL,BH1xBH2x/BACxTOFx/AC1xM2D1,-,-,BH1xBH2,-,-,BH1xBH2xTOF,-,-,BH1xBH2x/BACxTOFxAC1xM2D1,-,-,TOFxWC,-,-,BH1,-,-
70318,2023/06/21 22:18:12,2023/06/21 22:21:49,0:03:37,beam check,,OFF,,,,,,,,,,,,-0.0010746258377142858,49.764404528391346,46.67957601171679,-210.85714285714286,0.0,0.0,0.0,0.0,0.0,622.7142857142857,102.70000000000002,102.70000000000002,150.0,150.0,-0.0008961428571428572,0.0,ALL,BH1xBH2x/BAC,-,-,BH2,-,-,BH2,-,-,BH1xBH2,-,-,BH1,-,-,BH1xBH2xBAC,-,-
70319,2023/06/21 22:22:06,2023/06/21 22:33:42,0:11:36,beam check,47431,ON,1095605088,,,,,,,,,,,1.2114364792570436,49.7422051777245,48.26509008059596,436.30434782608694,4173.913043478261,108.43478260869566,1521.7391304347825,1521.7391304347825,1455.7391304347825,1453.0,149.08260869565217,149.08260869565217,150.0,150.0,1.0102308260869564,1.4184593333333333,ALL,BH1xBH2x/BACxTOFx/AC1xM2D1,-,-,BH1xBH2,34,ON,BH1xBH2xTOF,-,-,BH1xBH2x/BACxTOFxAC1xM2D1,-,-,TOFxWC,-,-,BH1,-,-
70320,2023/06/21 22:33:53,2023/06/21 22:39:05,0:05:12,detector check,172483,ON,4132489176,,,,,,,,,,,1.4114815338175999,49.74442110312732,48.070288797737604,513.0,4800.0,43.0,2500.0,2500.0,2362.0,1453.0,150.0,150.0,150.0,150.0,1.1770507,1.4189087999999999,ALL,BH1xBH2x/BACxTOFx/AC1xM2D1,-,-,BH1xBH2,34,ON,BH1xBH2xTOF,-,-,BH1xBH2x/BACxTOFxAC1xM2D1,-,-,TOFxWC,-,-,BH1,-,-
70321,2023/06/21 22:39:35,2023/06/21 22:42:26,0:02:51,BT for AFT+1.4 GeV/c Kaon IFH wide,90884,ON,2176702052,,,,,,,,,,,1.411469302304,49.72471424491505,48.283842276290066,513.0,4800.0,43.0,2500.0,2500.0,2362.0,1453.0,150.0,150.0,150.0,150.0,1.1770404999999997,1.4189299999999998,ALL,BH1xBH2x/BACxTOFx/AC1xM2D1,-,-,BH1xBH2,34,ON,BH1xBH2xTOF,-,-,BH1xBH2x/BACxTOFxAC1xM2D1,-,-,TOFxWC,-,-,BH1,-,-
70322,2023/06/21 22:42:33,2023/06/21 22:49:53,0:07:20,BT for AFT+1.4 GeV/c Kaon IFH wide,201473,ON,4856798204,,,,,,,,,,,1.4114724601130668,49.69035762564125,48.083709191573234,513.0,4800.0,43.0,2500.0,2500.0,2362.0,1453.0,150.0,150.0,150.0,150.0,1.1770431333333335,1.4189307333333334,ALL,BH1xBH2x/BACxTOFx/AC1xM2D1,-,-,BH1xBH2,-,-,BH1xBH2xTOF,17,ON,BH1xBH2x/BACxTOFxAC1xM2D1,-,-,TOFxWC,-,-,BH1,-,-
70323,2023/06/21 22:50:10,2023/06/21 22:56:43,0:06:33,BFT tune / beam check,62001,ON,1455032872,,,,,,,,,,,1.411465105216,49.76263058551778,47.35157306732718,513.0,4800.0,43.0,2500.0,2500.0,2362.0,1453.0,150.0,150.0,150.0,150.0,1.1770369999999999,1.4189289230769229,ALL,BH1xBH2x/BACxTOFx/AC1xM2D1,-,-,BH1xBH2,4,ON,BH1xBH2xTOF,-,-,BH1xBH2x/BACxTOFxAC1xM2D1,-,-,TOFxWC,-,-,BH1,-,-
70324,2023/06/21 22:56:51,2023/06/21 23:03:24,0:06:33,BT for AFT +1.4 GeV/c Kaon IFH narrow,202500,ON,4813611556,,,,,,,,,,,1.4114568032836925,49.71697496988983,47.8409582301359,513.0,4800.0,43.0,2500.0,2500.0,2362.0,1453.0,150.0,150.0,150.0,150.0,1.177030076923077,1.4189303076923072,ALL,BH1xBH2x/BACxTOFx/AC1xM2D1,-,-,BH1xBH2,-,-,BH1xBH2xTOF,2,ON,BH1xBH2x/BACxTOFxAC1xM2D1,-,-,TOFxWC,-,-,BH1,-,-
70325,2023/06/21 23:03:35,2023/06/21 23:18:57,0:15:22,beam check,60587,ON,1461043148,,,,,,,,,,,1.430066328452129,49.769952119809716,46.844472116993195,347.51612903225805,4800.0,69.35483870967742,2500.0,2500.0,2362.0,984.2903225806451,150.0,150.0,150.0,150.0,1.1925487741935485,1.4189289677419352,ALL,BH1xBH2x/BACxTOFx/AC1xM2D1,-,-,BH1xBH2,20,ON,BH1xBH2xTOF,-,-,BH1xBH2x/BACxTOFxAC1xM2D1,-,-,TOFxWC,-,-,BH1,-,-
70326,2023/06/21 23:19:28,2023/06/21 23:25:46,0:06:18,BT for AFT +1.4 GeV/c pion,200234,ON,4820954932,,,,,,,,,,,1.4115872204906668,49.78101680727739,48.431861973838316,513.0,4800.0,43.0,2500.0,2500.0,2362.0,1453.0,150.0,150.0,150.0,150.0,1.1771388333333332,1.4189281666666664,ALL,BH1xBH2x/BACxTOFx/AC1xM2D1,-,-,BH1xBH2,-,-,BH1xBH2xTOF,25,ON,BH1xBH2x/BACxTOFxAC1xM2D1,-,-,TOFxWC,-,-,BH1,-,-
70327,2023/06/21 23:26:10,2023/06/21 23:45:01,0:18:51,beam check,199533,ON,4637746524,,,,,,,,,,,1.4270868245372632,49.73314014056198,42.79694948582752,378.0,4800.0,86.0,2500.0,2500.0,2362.0,1108.8684210526317,150.0,150.0,150.0,150.0,1.1900641315789473,1.418926947368421,ALL,BH1xBH2x/BACxTOFx/AC1xM2D1,-,-,BH1xBH2,45,ON,BH1xBH2xTOF,-,-,BH1xBH2x/BACxTOFxAC1xM2D1,-,-,TOFxWC,-,-,BH1,-,-
70328,2023/06/21 23:45:16,2023/06/21 23:54:59,0:09:43,AFT calib +1.4 GeV/c Kaon defocus,269944,ON,6075291792,,,,,,,,,,,1.4116270528544,49.74885132729456,47.68863224211196,513.0,4800.0,43.0,2500.0,2500.0,2362.0,1453.0,150.0,150.0,150.0,150.0,1.17717205,1.4189256000000001,ALL,BH1xBH2x/BACxTOFx/AC1xM2D1,-,-,BH1xBH2,46,ON,BH1xBH2xTOF,-,-,BH1xBH2x/BACxTOFxAC1xM2D1,-,-,TOFxWC,-,-,BH1,-,-
70329,2023/06/21 23:55:15,2023/06/22 00:13:04,0:17:49,beam check / BFT tune,248914,ON,5870008652,,,,,,,,,,,-1.548985391664,49.74786662437965,48.10331395530239,-652.4444444444445,-4266.666666666667,-787.1388888888889,2500.0,2500.0,2362.0,1453.0,222.32638888888889,222.32638888888889,225.77777777777777,225.77777777777777,-1.29171675,1.4189257777777775,ALL,BH1xBH2x/BACxTOFx/AC1xM2D1,-,-,BH1xBH2,35,ON,BH1xBH2xTOF,-,-,BH1xBH2x/BACxTOFxAC1xM2D1,-,-,TOFxWC,-,-,BH1,-,-
70330,2023/06/22 00:13:25,2023/06/22 00:13:38,0:00:13,AFT calib -1.8 GeV/c anti-proton defocus,0,ON,0,,,,,,,,,,,,,,,,,,,,,,,,,,
70331,2023/06/22 00:13:47,2023/06/22 00:20:53,0:07:06,AFT calib -1.8 GeV/c anti-proton defocus,227488,ON,5306020044,,,,,,,,,,,-1.816334520994133,49.71683016736055,48.25835452948325,-721.0,-4800.0,-860.0,2500.0,2500.0,2362.0,1453.0,250.0,250.0,250.0,250.0,-1.5146622666666665,1.4189244,ALL,BH1xBH2x/BACxTOFx/AC1xM2D1,-,-,BH1xBH2,35,ON,BH1xBH2xTOF,-,-,BH1xBH2x/BACxTOFxAC1xM2D1,-,-,TOFxWC,-,-,BH1,-,-
70332,2023/06/22 00:21:06,2023/06/22 00:31:19,0:10:13,beam check,183506,ON,4210636176,,,,,,,,,,,-1.5416459438783998,49.74488028266556,48.45625005098297,-721.0,-4320.0,-774.0,2500.0,2500.0,2362.0,1453.0,250.0,250.0,250.0,250.0,-1.2855963000000001,1.4189232000000003,ALL,BH1xBH2x/BACxTOFx/AC1xM2D1,-,-,BH1xBH2,32,ON,BH1xBH2xTOF,-,-,BH1xBH2x/BACxTOFxAC1xM2D1,-,-,TOFxWC,-,-,BH1,-,-
70333,2023/06/22 00:43:11,2023/06/22 00:49:36,0:06:25,S2S off AFT align -1.8 GeV/c defocus pion,201221,ON,4717807560,,,,,,,,,,,-1.8240369184984613,49.732168366697756,47.95654070995814,-721.0,-4800.0,-880.0,0.0,0.0,0.0,1453.0,250.0,250.0,250.0,250.0,-1.5210853846153847,0.0,ALL,BH1xBH2x/BACxTOFx/AC1xM2D1,-,-,BH1xBH2,32,ON,BH1xBH2xTOF,-,-,BH1xBH2x/BACxTOFxAC1xM2D1,-,-,TOFxWC,-,-,BH1,-,-
70334,2023/06/22 00:49:48,2023/06/22 00:52:10,0:02:22,beam check,5664,ON,132164388,,,,,,,,,,,-0.5310170127616,49.80385440316673,29.220190337095453,-721.0,-1920.0,-348.0,0.0,0.0,0.0,1453.0,250.0,250.0,250.0,250.0,-0.4428212,0.0,ALL,BH1xBH2x/BACxTOFx/AC1xM2D1,-,-,BH1xBH2,32,ON,BH1xBH2xTOF,-,-,BH1xBH2x/BACxTOFxAC1xM2D1,-,-,TOFxWC,-,-,BH1,-,-
